[
    {
        "client_msg_id": "cc007ed9-9134-4cd9-b176-92d1e2d9e7f3",
        "type": "message",
        "text": "Hi All, we have developed a matrix to show which users receive notifications based on their features and roles. Please can you review it and let us know your thoughts.",
        "user": "U04CX4QDTN2",
        "ts": "1681465334.081969",
        "blocks": [
            {
                "type": "rich_text",
                "block_id": "kOq",
                "elements": [
                    {
                        "type": "rich_text_section",
                        "elements": [
                            {
                                "type": "text",
                                "text": "Hi All, we have developed a matrix to show which users receive notifications based on their features and roles. Please can you review it and let us know your thoughts."
                            }
                        ]
                    }
                ]
            }
        ],
        "team": "T03NAQR6PR8",
        "user_team": "T03NAQR6PR8",
        "source_team": "T03NAQR6PR8",
        "user_profile": {
            "avatar_hash": "ba98d8d4230a",
            "image_72": "https:\/\/avatars.slack-edge.com\/2023-03-30\/5033971501634_ba98d8d4230aa09641c0_72.jpg",
            "first_name": "Gezim",
            "real_name": "Gezim Veseli",
            "display_name": "Gezim Veseli",
            "team": "T03NAQR6PR8",
            "name": "gezim.veseli",
            "is_restricted": false,
            "is_ultra_restricted": false
        },
        "reactions": [
            {
                "name": "+1",
                "users": [
                    "U03P0HMH4LQ"
                ],
                "count": 1
            }
        ]
    },
    {
        "type": "message",
        "text": "",
        "files": [
            {
                "id": "F0538FTTJKD",
                "created": 1681465408,
                "timestamp": 1681465408,
                "name": "image.png",
                "title": "image.png",
                "mimetype": "image\/png",
                "filetype": "png",
                "pretty_type": "PNG",
                "user": "U04CX4QDTN2",
                "user_team": "T03NAQR6PR8",
                "editable": false,
                "size": 22274,
                "mode": "hosted",
                "is_external": false,
                "external_type": "",
                "is_public": true,
                "public_url_shared": false,
                "display_as_bot": false,
                "username": "",
                "url_private": "https:\/\/files.slack.com\/files-pri\/T03NAQR6PR8-F0538FTTJKD\/image.png?t=xoxe-3758841227858-6338573907026-6351205223169-d2d067b38c665e92ce386225ab512dc0",
                "url_private_download": "https:\/\/files.slack.com\/files-pri\/T03NAQR6PR8-F0538FTTJKD\/download\/image.png?t=xoxe-3758841227858-6338573907026-6351205223169-d2d067b38c665e92ce386225ab512dc0",
                "media_display_type": "unknown",
                "thumb_64": "https:\/\/files.slack.com\/files-tmb\/T03NAQR6PR8-F0538FTTJKD-f757ab2ce0\/image_64.png?t=xoxe-3758841227858-6338573907026-6351205223169-d2d067b38c665e92ce386225ab512dc0",
                "thumb_80": "https:\/\/files.slack.com\/files-tmb\/T03NAQR6PR8-F0538FTTJKD-f757ab2ce0\/image_80.png?t=xoxe-3758841227858-6338573907026-6351205223169-d2d067b38c665e92ce386225ab512dc0",
                "thumb_360": "https:\/\/files.slack.com\/files-tmb\/T03NAQR6PR8-F0538FTTJKD-f757ab2ce0\/image_360.png?t=xoxe-3758841227858-6338573907026-6351205223169-d2d067b38c665e92ce386225ab512dc0",
                "thumb_360_w": 360,
                "thumb_360_h": 155,
                "thumb_480": "https:\/\/files.slack.com\/files-tmb\/T03NAQR6PR8-F0538FTTJKD-f757ab2ce0\/image_480.png?t=xoxe-3758841227858-6338573907026-6351205223169-d2d067b38c665e92ce386225ab512dc0",
                "thumb_480_w": 480,
                "thumb_480_h": 207,
                "thumb_160": "https:\/\/files.slack.com\/files-tmb\/T03NAQR6PR8-F0538FTTJKD-f757ab2ce0\/image_160.png?t=xoxe-3758841227858-6338573907026-6351205223169-d2d067b38c665e92ce386225ab512dc0",
                "thumb_720": "https:\/\/files.slack.com\/files-tmb\/T03NAQR6PR8-F0538FTTJKD-f757ab2ce0\/image_720.png?t=xoxe-3758841227858-6338573907026-6351205223169-d2d067b38c665e92ce386225ab512dc0",
                "thumb_720_w": 720,
                "thumb_720_h": 311,
                "thumb_800": "https:\/\/files.slack.com\/files-tmb\/T03NAQR6PR8-F0538FTTJKD-f757ab2ce0\/image_800.png?t=xoxe-3758841227858-6338573907026-6351205223169-d2d067b38c665e92ce386225ab512dc0",
                "thumb_800_w": 800,
                "thumb_800_h": 345,
                "original_w": 894,
                "original_h": 386,
                "thumb_tiny": "AwAUADDRGSx54pSBmmj79P7igBMdKCORS+lHpQAhGSKU9qD1FB7UAJijHvS0UAJj3NGPc0tFABRRRQB\/\/9k=",
                "permalink": "https:\/\/telos-labs-workspace.slack.com\/files\/U04CX4QDTN2\/F0538FTTJKD\/image.png",
                "permalink_public": "https:\/\/slack-files.com\/T03NAQR6PR8-F0538FTTJKD-ae68d38286",
                "is_starred": false,
                "has_rich_preview": false,
                "file_access": "visible"
            }
        ],
        "upload": false,
        "user": "U04CX4QDTN2",
        "display_as_bot": false,
        "team": "T03NAQR6PR8",
        "ts": "1681465412.734649",
        "client_msg_id": "1871d55f-ddc7-4c60-b9cf-e911d876bef0",
        "user_team": "T03NAQR6PR8",
        "source_team": "T03NAQR6PR8",
        "user_profile": {
            "avatar_hash": "ba98d8d4230a",
            "image_72": "https:\/\/avatars.slack-edge.com\/2023-03-30\/5033971501634_ba98d8d4230aa09641c0_72.jpg",
            "first_name": "Gezim",
            "real_name": "Gezim Veseli",
            "display_name": "Gezim Veseli",
            "team": "T03NAQR6PR8",
            "name": "gezim.veseli",
            "is_restricted": false,
            "is_ultra_restricted": false
        }
    },
    {
        "client_msg_id": "078c093a-34ed-4569-ad7c-1925efa5deaa",
        "type": "message",
        "text": "<https:\/\/teloslabscom-my.sharepoint.com\/:x:\/g\/personal\/gezim_veseli_telos-labs_com\/EcVFkIVtqrVHgBfjDG8FrvIBd-b0RaoWa6fF_UDedo_zKw?e=sHdBfF>",
        "user": "U04CX4QDTN2",
        "ts": "1681465847.757909",
        "blocks": [
            {
                "type": "rich_text",
                "block_id": "BJZ",
                "elements": [
                    {
                        "type": "rich_text_section",
                        "elements": [
                            {
                                "type": "link",
                                "url": "https:\/\/teloslabscom-my.sharepoint.com\/:x:\/g\/personal\/gezim_veseli_telos-labs_com\/EcVFkIVtqrVHgBfjDG8FrvIBd-b0RaoWa6fF_UDedo_zKw?e=sHdBfF"
                            }
                        ]
                    }
                ]
            }
        ],
        "team": "T03NAQR6PR8",
        "user_team": "T03NAQR6PR8",
        "source_team": "T03NAQR6PR8",
        "user_profile": {
            "avatar_hash": "ba98d8d4230a",
            "image_72": "https:\/\/avatars.slack-edge.com\/2023-03-30\/5033971501634_ba98d8d4230aa09641c0_72.jpg",
            "first_name": "Gezim",
            "real_name": "Gezim Veseli",
            "display_name": "Gezim Veseli",
            "team": "T03NAQR6PR8",
            "name": "gezim.veseli",
            "is_restricted": false,
            "is_ultra_restricted": false
        }
    }
]