[
    {
        "type": "message",
        "subtype": "bot_message",
        "text": "*Fenworks* has removed themselves from this channel.",
        "ts": "1683369963.604719",
        "user": "USLACKBOT",
        "username": "slackbot",
        "blocks": [
            {
                "type": "rich_text",
                "block_id": "9f3Dt",
                "elements": [
                    {
                        "type": "rich_text_section",
                        "elements": [
                            {
                                "type": "text",
                                "text": "Fenworks",
                                "style": {
                                    "bold": true
                                }
                            },
                            {
                                "type": "text",
                                "text": " has removed themselves from this channel."
                            }
                        ]
                    }
                ]
            }
        ],
        "team": "T03NAQR6PR8"
    }
]