[
    {
        "client_msg_id": "d3907933-8b22-4cc7-ba90-3bee1d5998ff",
        "type": "message",
        "text": "<@U04CX4QDTN2> hello!",
        "user": "U04NB32ULA0",
        "ts": "1675865041.838989",
        "blocks": [
            {
                "type": "rich_text",
                "block_id": "NW2",
                "elements": [
                    {
                        "type": "rich_text_section",
                        "elements": [
                            {
                                "type": "user",
                                "user_id": "U04CX4QDTN2"
                            },
                            {
                                "type": "text",
                                "text": " hello!"
                            }
                        ]
                    }
                ]
            }
        ],
        "team": "T03NAQR6PR8",
        "user_team": "T04N79DBACU",
        "source_team": "T04N79DBACU",
        "user_profile": {
            "avatar_hash": "075a65d341de",
            "image_72": "https:\/\/avatars.slack-edge.com\/2023-03-27\/5011009830597_075a65d341de8705ac09_72.png",
            "first_name": "Ilirijan",
            "real_name": "Ilirijan Residovski",
            "display_name": "Ilirijan Residovski",
            "team": "T04N79DBACU",
            "name": "il.residovski",
            "is_restricted": false,
            "is_ultra_restricted": false
        }
    },
    {
        "type": "message",
        "subtype": "channel_join",
        "ts": "1675867194.559269",
        "user": "U04MSNNEFFG",
        "text": "<@U04MSNNEFFG> has joined the channel",
        "team": "T03NAQR6PR8"
    },
    {
        "type": "message",
        "subtype": "channel_join",
        "ts": "1675867251.182289",
        "user": "U00",
        "text": "<U00> has joined the channel",
        "team": "T03NAQR6PR8",
        "inviter": "U04CX4QDTN2"
    },
    {
        "type": "message",
        "subtype": "channel_join",
        "ts": "1675867268.255329",
        "user": "U04MWCP2VU5",
        "text": "<@U04MWCP2VU5> has joined the channel",
        "team": "T03NAQR6PR8"
    }
]