[
    {
        "type": "message",
        "subtype": "bot_message",
        "text": "*Fenworks* has joined this channel by invitation from *TelOS-Labs*.",
        "ts": "1675633419.012509",
        "user": "USLACKBOT",
        "username": "slackbot",
        "blocks": [
            {
                "type": "rich_text",
                "block_id": "P=j",
                "elements": [
                    {
                        "type": "rich_text_section",
                        "elements": [
                            {
                                "type": "text",
                                "text": "Fenworks",
                                "style": {
                                    "bold": true
                                }
                            },
                            {
                                "type": "text",
                                "text": " has joined this channel by invitation from "
                            },
                            {
                                "type": "text",
                                "text": "TelOS-Labs",
                                "style": {
                                    "bold": true
                                }
                            },
                            {
                                "type": "text",
                                "text": "."
                            }
                        ]
                    }
                ]
            }
        ],
        "team": "T03NAQR6PR8"
    },
    {
        "type": "message",
        "subtype": "channel_join",
        "ts": "1675633419.104169",
        "user": "U00",
        "text": "<U00> has joined the channel",
        "team": "T03NAQR6PR8",
        "inviter": "U04CX4QDTN2"
    }
]