[
    {
        "client_msg_id": "06958f59-7be3-4acb-9321-54c0905df5cf",
        "type": "message",
        "text": "Hi everyone,\n\nIn this URL link <https:\/\/telos-labs.atlassian.net\/wiki\/spaces\/FP\/pages\/44793857\/Platform+Engineering> you can find the document with diagrams prepared by TelOS team describing DevOps Architecture Design (Modular Monolith vs Miniservices vs. Microservices), potential concept idea and Tenancy models for our platform.\n\nEnjoy the day!",
        "user": "U03P0HMH4LQ",
        "ts": "1680254346.769239",
        "blocks": [
            {
                "type": "rich_text",
                "block_id": "+hwMp",
                "elements": [
                    {
                        "type": "rich_text_section",
                        "elements": [
                            {
                                "type": "text",
                                "text": "Hi everyone,\n\nIn this URL link "
                            },
                            {
                                "type": "link",
                                "url": "https:\/\/telos-labs.atlassian.net\/wiki\/spaces\/FP\/pages\/44793857\/Platform+Engineering"
                            },
                            {
                                "type": "text",
                                "text": " you can find the document with diagrams prepared by TelOS team describing DevOps Architecture Design (Modular Monolith vs Miniservices vs. Microservices), potential concept idea and Tenancy models for our platform.\n\nEnjoy the day!"
                            }
                        ]
                    }
                ]
            }
        ],
        "team": "T03NAQR6PR8",
        "user_team": "T03NAQR6PR8",
        "source_team": "T03NAQR6PR8",
        "user_profile": {
            "avatar_hash": "fa5810000c4c",
            "image_72": "https:\/\/avatars.slack-edge.com\/2023-05-18\/5270653685271_fa5810000c4c67da340d_72.jpg",
            "first_name": "krenar",
            "real_name": "krenar rexh",
            "display_name": "",
            "team": "T03NAQR6PR8",
            "name": "krexhepi",
            "is_restricted": false,
            "is_ultra_restricted": false
        },
        "reactions": [
            {
                "name": "raised_hands",
                "users": [
                    "U04MWCLPK6H"
                ],
                "count": 1
            }
        ]
    }
]