[
    {
        "client_msg_id": "6931bac0-daf9-4739-84a1-ca4d775ca053",
        "type": "message",
        "text": "<https:\/\/github.com\/twitchtv\/igdb-contribution-guidelines\/wiki>",
        "user": "U04MWCLPK6H",
        "ts": "1678872580.685119",
        "blocks": [
            {
                "type": "rich_text",
                "block_id": "WVqRs",
                "elements": [
                    {
                        "type": "rich_text_section",
                        "elements": [
                            {
                                "type": "link",
                                "url": "https:\/\/github.com\/twitchtv\/igdb-contribution-guidelines\/wiki"
                            }
                        ]
                    }
                ]
            }
        ],
        "team": "T03NAQR6PR8",
        "user_team": "T03NAQR6PR8",
        "source_team": "T03NAQR6PR8",
        "user_profile": {
            "avatar_hash": "g39d044942e1",
            "image_72": "https:\/\/secure.gravatar.com\/avatar\/39d044942e18960ebdab24d159ae6cdf.jpg?s=72&d=https%3A%2F%2Fa.slack-edge.com%2Fdf10d%2Fimg%2Favatars%2Fava_0023-72.png",
            "first_name": "Lorent",
            "real_name": "Lorent Shtavica",
            "display_name": "",
            "team": "T03NAQR6PR8",
            "name": "lorent.sh",
            "is_restricted": false,
            "is_ultra_restricted": false
        },
        "attachments": [
            {
                "image_url": "https:\/\/repository-images.githubusercontent.com\/307776621\/b2c4fe00-2027-11eb-88fa-9438d5bcd65e",
                "image_width": 225,
                "image_height": 225,
                "image_bytes": 2055,
                "from_url": "https:\/\/github.com\/twitchtv\/igdb-contribution-guidelines\/wiki",
                "service_icon": "https:\/\/a.slack-edge.com\/80588\/img\/unfurl_icons\/github.png",
                "id": 1,
                "original_url": "https:\/\/github.com\/twitchtv\/igdb-contribution-guidelines\/wiki",
                "fallback": "GitHub: Home",
                "text": "IGDB Contribution Guidelines. See Wiki: <https:\/\/github.com\/twitchtv\/igdb-contribution-guidelines\/wiki> - twitchtv\/igdb-contribution-guidelines",
                "title": "Home",
                "title_link": "https:\/\/github.com\/twitchtv\/igdb-contribution-guidelines\/wiki",
                "service_name": "GitHub"
            }
        ]
    }
]