[
    {
        "type": "message",
        "subtype": "channel_join",
        "ts": "1675429923.136609",
        "user": "U04CX4QDTN2",
        "text": "<@U04CX4QDTN2> has joined the channel"
    },
    {
        "type": "message",
        "subtype": "channel_join",
        "ts": "1675430019.672369",
        "user": "U03P0HMH4LQ",
        "text": "<@U03P0HMH4LQ> has joined the channel",
        "inviter": "U04CX4QDTN2"
    },
    {
        "type": "message",
        "subtype": "channel_join",
        "ts": "1675430019.748939",
        "user": "U041V069L1L",
        "text": "<@U041V069L1L> has joined the channel",
        "inviter": "U04CX4QDTN2"
    },
    {
        "type": "message",
        "subtype": "channel_join",
        "ts": "1675430033.688769",
        "user": "U04AKD70TUP",
        "text": "<@U04AKD70TUP> has joined the channel",
        "inviter": "U04CX4QDTN2"
    },
    {
        "bot_id": "B04BPLD25A4",
        "type": "message",
        "text": "<slack:\/\/user?team=T03NAQR6PR8&amp;id=U04CX4QDTN2|@Gezim Veseli> connected this channel to receive updates for FEPI-119",
        "user": "U04AKD70TUP",
        "ts": "1675430034.230329",
        "app_id": "A2RPP3NFR",
        "blocks": [
            {
                "type": "section",
                "block_id": "\/bNZ",
                "text": {
                    "type": "mrkdwn",
                    "text": ":white_check_mark: *<slack:\/\/user?team=T03NAQR6PR8&amp;id=U04CX4QDTN2|@Gezim Veseli> connected this channel to receive updates for <https:\/\/telos-labs.atlassian.net\/browse\/FEPI-119?atlOrigin=eyJpIjoiYTY4Mjc4YjcxNjUwNDAwNmEzNWZhZTM2ZDBmM2IzOGMiLCJwIjoiamlyYS1zbGFjay1pbnQifQ|FEPI-119>*\nwhen...\n• the issue is *transitioned*\n• *assignee* is updated\n• fields are *updated*, like summary or description or other\n• someone creates\/deletes\/updates a *comment*\n• issue *links* are created\/deleted ",
                    "verbatim": false
                }
            },
            {
                "type": "section",
                "block_id": "cin:ih:10592::9bd24680a3c411ed8099fbe6fc70c1fd",
                "text": {
                    "type": "mrkdwn",
                    "text": "*<https:\/\/telos-labs.atlassian.net\/browse\/FEPI-119?atlOrigin=eyJpIjoiMDgyZjc0YzYwZGYwNDkwMWI3NzJmYmQ5MDc5YThkYzMiLCJwIjoiamlyYS1zbGFjay1pbnQifQ|FEPI-119 Create a Tournament>*",
                    "verbatim": false
                },
                "accessory": {
                    "type": "overflow",
                    "action_id": "{\"issueId\":\"10592\",\"instanceId\":\"807bc847-920e-3dd5-ab0c-2fe7ce8c3b42\",\"projectId\":\"10003\"}",
                    "options": [
                        {
                            "text": {
                                "type": "plain_text",
                                "text": "Watch",
                                "emoji": true
                            },
                            "value": "watch"
                        },
                        {
                            "text": {
                                "type": "plain_text",
                                "text": "Comment",
                                "emoji": true
                            },
                            "value": "comment"
                        },
                        {
                            "text": {
                                "type": "plain_text",
                                "text": "Assign",
                                "emoji": true
                            },
                            "value": "assign"
                        },
                        {
                            "text": {
                                "type": "plain_text",
                                "text": "Transition",
                                "emoji": true
                            },
                            "value": "transition"
                        }
                    ]
                }
            },
            {
                "type": "context",
                "block_id": ":cx:10592::9bd26d90a3c411ed8099fbe6fc70c1fd",
                "elements": [
                    {
                        "type": "mrkdwn",
                        "text": "Status: *Done*",
                        "verbatim": false
                    },
                    {
                        "type": "image",
                        "image_url": "https:\/\/product-integrations-cdn.atl-paas.net\/jira-issuetype\/story.png",
                        "alt_text": "Story"
                    },
                    {
                        "type": "mrkdwn",
                        "text": "Type: *Story*",
                        "verbatim": false
                    },
                    {
                        "type": "image",
                        "image_url": "https:\/\/secure.gravatar.com\/avatar\/39d044942e18960ebdab24d159ae6cdf?d=https%3A%2F%2Fproduct-integrations-cdn.atl-paas.net%2Ficons%2Funknown-user.png",
                        "alt_text": "lorent.sh"
                    },
                    {
                        "type": "mrkdwn",
                        "text": "Assignee: *lorent.sh*",
                        "verbatim": false
                    },
                    {
                        "type": "image",
                        "image_url": "https:\/\/product-integrations-cdn.atl-paas.net\/jira-priority\/medium.png",
                        "alt_text": "Medium"
                    },
                    {
                        "type": "mrkdwn",
                        "text": "Priority: *Medium*",
                        "verbatim": false
                    }
                ]
            },
            {
                "type": "actions",
                "block_id": "cin:connectedIssueActions:100710::9bd26d91a3c411ed8099fbe6fc70c1fd",
                "elements": [
                    {
                        "type": "button",
                        "action_id": "{\"issueChannelConnectionId\":100710,\"action\":\"manage\",\"source\":\"issueConnectionMsg\"}",
                        "text": {
                            "type": "plain_text",
                            "text": "Modify notifications",
                            "emoji": true
                        },
                        "value": "manage"
                    }
                ]
            }
        ],
        "team": "T03NAQR6PR8",
        "bot_profile": {
            "id": "B04BPLD25A4",
            "deleted": false,
            "name": "Jira Cloud",
            "updated": 1668518243,
            "app_id": "A2RPP3NFR",
            "icons": {
                "image_36": "https:\/\/avatars.slack-edge.com\/2018-11-30\/493753869479_4b703f4119efe3d7d0ff_36.png",
                "image_48": "https:\/\/avatars.slack-edge.com\/2018-11-30\/493753869479_4b703f4119efe3d7d0ff_48.png",
                "image_72": "https:\/\/avatars.slack-edge.com\/2018-11-30\/493753869479_4b703f4119efe3d7d0ff_72.png"
            },
            "team_id": "T03NAQR6PR8"
        }
    },
    {
        "bot_id": "B04BPLD25A4",
        "type": "message",
        "text": "@Gezim Veseli transitioned FEPI-119 Create a Tournament from STAGING ⟶ TEST ENVIOREMENT",
        "user": "U04AKD70TUP",
        "ts": "1675431644.095219",
        "app_id": "A2RPP3NFR",
        "blocks": [
            {
                "type": "section",
                "block_id": "cin:ih:10592::5b649ae0a3c811eda709e59a1bb62320",
                "text": {
                    "type": "mrkdwn",
                    "text": "*<slack:\/\/user?team=T03NAQR6PR8&amp;id=U04CX4QDTN2|@Gezim Veseli> transitioned a Story from `STAGING` ⟶ `TEST ENVIOREMENT`*\n*<https:\/\/telos-labs.atlassian.net\/browse\/FEPI-119?atlOrigin=eyJpIjoiOWYzNjk5YzdjYTZlNDBlM2FiM2QzMWZkNDdjMjI5NzEiLCJwIjoiamlyYS1zbGFjay1pbnQifQ|FEPI-119 Create a Tournament>*\nAs an admin I want to to create a tournament",
                    "verbatim": false
                }
            },
            {
                "type": "context",
                "block_id": ":cx:10592::5b649ae1a3c811eda709e59a1bb62320",
                "elements": [
                    {
                        "type": "mrkdwn",
                        "text": "Status: *TEST ENVIOREMENT*",
                        "verbatim": false
                    },
                    {
                        "type": "image",
                        "image_url": "https:\/\/product-integrations-cdn.atl-paas.net\/jira-issuetype\/story.png",
                        "alt_text": "Story"
                    },
                    {
                        "type": "mrkdwn",
                        "text": "Type: *Story*",
                        "verbatim": false
                    },
                    {
                        "type": "image",
                        "image_url": "https:\/\/secure.gravatar.com\/avatar\/39d044942e18960ebdab24d159ae6cdf?d=https%3A%2F%2Fproduct-integrations-cdn.atl-paas.net%2Ficons%2Funknown-user.png",
                        "alt_text": "lorent.sh"
                    },
                    {
                        "type": "mrkdwn",
                        "text": "Assignee: *lorent.sh*",
                        "verbatim": false
                    },
                    {
                        "type": "image",
                        "image_url": "https:\/\/product-integrations-cdn.atl-paas.net\/jira-priority\/medium.png",
                        "alt_text": "Medium"
                    },
                    {
                        "type": "mrkdwn",
                        "text": "Priority: *Medium*",
                        "verbatim": false
                    }
                ]
            },
            {
                "type": "actions",
                "block_id": "cin:issueFooterActions:10592::5b649ae2a3c811eda709e59a1bb62320",
                "elements": [
                    {
                        "type": "button",
                        "action_id": "{\"issueId\":\"10592\",\"instanceId\":\"807bc847-920e-3dd5-ab0c-2fe7ce8c3b42\",\"projectId\":\"10003\",\"action\":\"comment\",\"nType\":\"ISSUE_TRANSITIONED\",\"nPlace\":\"main\"}",
                        "text": {
                            "type": "plain_text",
                            "text": "Comment",
                            "emoji": true
                        },
                        "value": "comment"
                    },
                    {
                        "type": "static_select",
                        "action_id": "{\"issueId\":\"10592\",\"instanceId\":\"807bc847-920e-3dd5-ab0c-2fe7ce8c3b42\",\"projectId\":\"10003\",\"nType\":\"ISSUE_TRANSITIONED\",\"nPlace\":\"menu\",\"actor\":\"U04CX4QDTN2\"}",
                        "placeholder": {
                            "type": "plain_text",
                            "text": "More actions...",
                            "emoji": true
                        },
                        "options": [
                            {
                                "text": {
                                    "type": "plain_text",
                                    "text": "Watch",
                                    "emoji": true
                                },
                                "value": "watch"
                            },
                            {
                                "text": {
                                    "type": "plain_text",
                                    "text": "Assign",
                                    "emoji": true
                                },
                                "value": "assign"
                            },
                            {
                                "text": {
                                    "type": "plain_text",
                                    "text": "Transition",
                                    "emoji": true
                                },
                                "value": "transition"
                            },
                            {
                                "text": {
                                    "type": "plain_text",
                                    "text": "Why am I seeing this?",
                                    "emoji": true
                                },
                                "value": "why"
                            },
                            {
                                "text": {
                                    "type": "plain_text",
                                    "text": ":tada: Give kudos",
                                    "emoji": true
                                },
                                "value": "kudos"
                            }
                        ]
                    }
                ]
            }
        ],
        "team": "T03NAQR6PR8",
        "bot_profile": {
            "id": "B04BPLD25A4",
            "app_id": "A2RPP3NFR",
            "name": "Jira Cloud",
            "icons": {
                "image_36": "https:\/\/avatars.slack-edge.com\/2018-11-30\/493753869479_4b703f4119efe3d7d0ff_36.png",
                "image_48": "https:\/\/avatars.slack-edge.com\/2018-11-30\/493753869479_4b703f4119efe3d7d0ff_48.png",
                "image_72": "https:\/\/avatars.slack-edge.com\/2018-11-30\/493753869479_4b703f4119efe3d7d0ff_72.png"
            },
            "deleted": false,
            "updated": 1668518243,
            "team_id": "T03NAQR6PR8"
        }
    },
    {
        "bot_id": "B04BPLD25A4",
        "type": "message",
        "text": "@Gezim Veseli updated the resolution FEPI-119 Create a Tournament",
        "user": "U04AKD70TUP",
        "ts": "1675431644.170119",
        "app_id": "A2RPP3NFR",
        "blocks": [
            {
                "type": "section",
                "block_id": "cin:ih:10592::5b649ae3a3c811eda709e59a1bb62320",
                "text": {
                    "type": "mrkdwn",
                    "text": "*<slack:\/\/user?team=T03NAQR6PR8&amp;id=U04CX4QDTN2|@Gezim Veseli> updated the resolution of a Story*\n*<https:\/\/telos-labs.atlassian.net\/browse\/FEPI-119?atlOrigin=eyJpIjoiNGI2ODk2ZGFkMjc0NDNhNTg5NTIyYzc0ZTE1ODQ4YTMiLCJwIjoiamlyYS1zbGFjay1pbnQifQ|FEPI-119 Create a Tournament>*\nAs an admin I want to to create a tournament",
                    "verbatim": false
                }
            },
            {
                "type": "context",
                "block_id": ":cx:10592::5b649ae4a3c811eda709e59a1bb62320",
                "elements": [
                    {
                        "type": "mrkdwn",
                        "text": "Status: *TEST ENVIOREMENT*",
                        "verbatim": false
                    },
                    {
                        "type": "image",
                        "image_url": "https:\/\/product-integrations-cdn.atl-paas.net\/jira-issuetype\/story.png",
                        "alt_text": "Story"
                    },
                    {
                        "type": "mrkdwn",
                        "text": "Type: *Story*",
                        "verbatim": false
                    },
                    {
                        "type": "image",
                        "image_url": "https:\/\/secure.gravatar.com\/avatar\/39d044942e18960ebdab24d159ae6cdf?d=https%3A%2F%2Fproduct-integrations-cdn.atl-paas.net%2Ficons%2Funknown-user.png",
                        "alt_text": "lorent.sh"
                    },
                    {
                        "type": "mrkdwn",
                        "text": "Assignee: *lorent.sh*",
                        "verbatim": false
                    },
                    {
                        "type": "image",
                        "image_url": "https:\/\/product-integrations-cdn.atl-paas.net\/jira-priority\/medium.png",
                        "alt_text": "Medium"
                    },
                    {
                        "type": "mrkdwn",
                        "text": "Priority: *Medium*",
                        "verbatim": false
                    }
                ]
            },
            {
                "type": "actions",
                "block_id": "cin:issueFooterActions:10592::5b649ae5a3c811eda709e59a1bb62320",
                "elements": [
                    {
                        "type": "button",
                        "action_id": "{\"issueId\":\"10592\",\"instanceId\":\"807bc847-920e-3dd5-ab0c-2fe7ce8c3b42\",\"projectId\":\"10003\",\"action\":\"comment\",\"nType\":\"ISSUE_UPDATED\",\"nPlace\":\"main\"}",
                        "text": {
                            "type": "plain_text",
                            "text": "Comment",
                            "emoji": true
                        },
                        "value": "comment"
                    },
                    {
                        "type": "button",
                        "action_id": "{\"issueId\":\"10592\",\"instanceId\":\"807bc847-920e-3dd5-ab0c-2fe7ce8c3b42\",\"projectId\":\"10003\",\"action\":\"transition\",\"nType\":\"ISSUE_UPDATED\",\"nPlace\":\"main\"}",
                        "text": {
                            "type": "plain_text",
                            "text": "Transition",
                            "emoji": true
                        },
                        "value": "transition"
                    },
                    {
                        "type": "static_select",
                        "action_id": "{\"issueId\":\"10592\",\"instanceId\":\"807bc847-920e-3dd5-ab0c-2fe7ce8c3b42\",\"projectId\":\"10003\",\"nType\":\"ISSUE_UPDATED\",\"nPlace\":\"menu\"}",
                        "placeholder": {
                            "type": "plain_text",
                            "text": "More actions...",
                            "emoji": true
                        },
                        "options": [
                            {
                                "text": {
                                    "type": "plain_text",
                                    "text": "Watch",
                                    "emoji": true
                                },
                                "value": "watch"
                            },
                            {
                                "text": {
                                    "type": "plain_text",
                                    "text": "Assign",
                                    "emoji": true
                                },
                                "value": "assign"
                            },
                            {
                                "text": {
                                    "type": "plain_text",
                                    "text": "Why am I seeing this?",
                                    "emoji": true
                                },
                                "value": "why"
                            },
                            {
                                "text": {
                                    "type": "plain_text",
                                    "text": ":tada: Give kudos",
                                    "emoji": true
                                },
                                "value": "kudos"
                            }
                        ]
                    }
                ]
            }
        ],
        "team": "T03NAQR6PR8",
        "bot_profile": {
            "id": "B04BPLD25A4",
            "app_id": "A2RPP3NFR",
            "name": "Jira Cloud",
            "icons": {
                "image_36": "https:\/\/avatars.slack-edge.com\/2018-11-30\/493753869479_4b703f4119efe3d7d0ff_36.png",
                "image_48": "https:\/\/avatars.slack-edge.com\/2018-11-30\/493753869479_4b703f4119efe3d7d0ff_48.png",
                "image_72": "https:\/\/avatars.slack-edge.com\/2018-11-30\/493753869479_4b703f4119efe3d7d0ff_72.png"
            },
            "deleted": false,
            "updated": 1668518243,
            "team_id": "T03NAQR6PR8"
        }
    },
    {
        "bot_id": "B04BPLD25A4",
        "type": "message",
        "text": "@Gezim Veseli updated the Rank FEPI-119 Create a Tournament",
        "user": "U04AKD70TUP",
        "ts": "1675431743.044629",
        "app_id": "A2RPP3NFR",
        "blocks": [
            {
                "type": "section",
                "block_id": "cin:ih:10592::966017a0a3c811ed89f8adf62253aea8",
                "text": {
                    "type": "mrkdwn",
                    "text": "*<slack:\/\/user?team=T03NAQR6PR8&amp;id=U04CX4QDTN2|@Gezim Veseli> updated the Rank of a Story*\n*<https:\/\/telos-labs.atlassian.net\/browse\/FEPI-119?atlOrigin=eyJpIjoiZjY5NjZiOGEzYWM0NDQ2NDgzNTY1N2RjMzFlNjEzYjUiLCJwIjoiamlyYS1zbGFjay1pbnQifQ|FEPI-119 Create a Tournament>*\nAs an admin I want to to create a tournament",
                    "verbatim": false
                }
            },
            {
                "type": "context",
                "block_id": ":cx:10592::966017a1a3c811ed89f8adf62253aea8",
                "elements": [
                    {
                        "type": "mrkdwn",
                        "text": "Status: *STAGING*",
                        "verbatim": false
                    },
                    {
                        "type": "image",
                        "image_url": "https:\/\/product-integrations-cdn.atl-paas.net\/jira-issuetype\/story.png",
                        "alt_text": "Story"
                    },
                    {
                        "type": "mrkdwn",
                        "text": "Type: *Story*",
                        "verbatim": false
                    },
                    {
                        "type": "image",
                        "image_url": "https:\/\/secure.gravatar.com\/avatar\/39d044942e18960ebdab24d159ae6cdf?d=https%3A%2F%2Fproduct-integrations-cdn.atl-paas.net%2Ficons%2Funknown-user.png",
                        "alt_text": "lorent.sh"
                    },
                    {
                        "type": "mrkdwn",
                        "text": "Assignee: *lorent.sh*",
                        "verbatim": false
                    },
                    {
                        "type": "image",
                        "image_url": "https:\/\/product-integrations-cdn.atl-paas.net\/jira-priority\/medium.png",
                        "alt_text": "Medium"
                    },
                    {
                        "type": "mrkdwn",
                        "text": "Priority: *Medium*",
                        "verbatim": false
                    }
                ]
            },
            {
                "type": "actions",
                "block_id": "cin:issueFooterActions:10592::966017a2a3c811ed89f8adf62253aea8",
                "elements": [
                    {
                        "type": "button",
                        "action_id": "{\"issueId\":\"10592\",\"instanceId\":\"807bc847-920e-3dd5-ab0c-2fe7ce8c3b42\",\"projectId\":\"10003\",\"action\":\"comment\",\"nType\":\"ISSUE_UPDATED\",\"nPlace\":\"main\"}",
                        "text": {
                            "type": "plain_text",
                            "text": "Comment",
                            "emoji": true
                        },
                        "value": "comment"
                    },
                    {
                        "type": "button",
                        "action_id": "{\"issueId\":\"10592\",\"instanceId\":\"807bc847-920e-3dd5-ab0c-2fe7ce8c3b42\",\"projectId\":\"10003\",\"action\":\"transition\",\"nType\":\"ISSUE_UPDATED\",\"nPlace\":\"main\"}",
                        "text": {
                            "type": "plain_text",
                            "text": "Transition",
                            "emoji": true
                        },
                        "value": "transition"
                    },
                    {
                        "type": "static_select",
                        "action_id": "{\"issueId\":\"10592\",\"instanceId\":\"807bc847-920e-3dd5-ab0c-2fe7ce8c3b42\",\"projectId\":\"10003\",\"nType\":\"ISSUE_UPDATED\",\"nPlace\":\"menu\"}",
                        "placeholder": {
                            "type": "plain_text",
                            "text": "More actions...",
                            "emoji": true
                        },
                        "options": [
                            {
                                "text": {
                                    "type": "plain_text",
                                    "text": "Watch",
                                    "emoji": true
                                },
                                "value": "watch"
                            },
                            {
                                "text": {
                                    "type": "plain_text",
                                    "text": "Assign",
                                    "emoji": true
                                },
                                "value": "assign"
                            },
                            {
                                "text": {
                                    "type": "plain_text",
                                    "text": "Why am I seeing this?",
                                    "emoji": true
                                },
                                "value": "why"
                            },
                            {
                                "text": {
                                    "type": "plain_text",
                                    "text": ":tada: Give kudos",
                                    "emoji": true
                                },
                                "value": "kudos"
                            }
                        ]
                    }
                ]
            }
        ],
        "team": "T03NAQR6PR8",
        "bot_profile": {
            "id": "B04BPLD25A4",
            "app_id": "A2RPP3NFR",
            "name": "Jira Cloud",
            "icons": {
                "image_36": "https:\/\/avatars.slack-edge.com\/2018-11-30\/493753869479_4b703f4119efe3d7d0ff_36.png",
                "image_48": "https:\/\/avatars.slack-edge.com\/2018-11-30\/493753869479_4b703f4119efe3d7d0ff_48.png",
                "image_72": "https:\/\/avatars.slack-edge.com\/2018-11-30\/493753869479_4b703f4119efe3d7d0ff_72.png"
            },
            "deleted": false,
            "updated": 1668518243,
            "team_id": "T03NAQR6PR8"
        }
    },
    {
        "bot_id": "B04BPLD25A4",
        "type": "message",
        "text": "@Gezim Veseli transitioned FEPI-119 Create a Tournament from TEST ENVIOREMENT ⟶ STAGING",
        "user": "U04AKD70TUP",
        "ts": "1675431743.047039",
        "app_id": "A2RPP3NFR",
        "blocks": [
            {
                "type": "section",
                "block_id": "cin:ih:10592::965e69f0a3c811ed9d88e510214ebb69",
                "text": {
                    "type": "mrkdwn",
                    "text": "*<slack:\/\/user?team=T03NAQR6PR8&amp;id=U04CX4QDTN2|@Gezim Veseli> transitioned a Story from `TEST ENVIOREMENT` ⟶ `STAGING`*\n*<https:\/\/telos-labs.atlassian.net\/browse\/FEPI-119?atlOrigin=eyJpIjoiNTQ5NTQwZjBmMmE4NDBkYTgzMjU0NjllMTlmZDUwMDIiLCJwIjoiamlyYS1zbGFjay1pbnQifQ|FEPI-119 Create a Tournament>*\nAs an admin I want to to create a tournament",
                    "verbatim": false
                }
            },
            {
                "type": "context",
                "block_id": ":cx:10592::965e69f1a3c811ed9d88e510214ebb69",
                "elements": [
                    {
                        "type": "mrkdwn",
                        "text": "Status: *STAGING*",
                        "verbatim": false
                    },
                    {
                        "type": "image",
                        "image_url": "https:\/\/product-integrations-cdn.atl-paas.net\/jira-issuetype\/story.png",
                        "alt_text": "Story"
                    },
                    {
                        "type": "mrkdwn",
                        "text": "Type: *Story*",
                        "verbatim": false
                    },
                    {
                        "type": "image",
                        "image_url": "https:\/\/secure.gravatar.com\/avatar\/39d044942e18960ebdab24d159ae6cdf?d=https%3A%2F%2Fproduct-integrations-cdn.atl-paas.net%2Ficons%2Funknown-user.png",
                        "alt_text": "lorent.sh"
                    },
                    {
                        "type": "mrkdwn",
                        "text": "Assignee: *lorent.sh*",
                        "verbatim": false
                    },
                    {
                        "type": "image",
                        "image_url": "https:\/\/product-integrations-cdn.atl-paas.net\/jira-priority\/medium.png",
                        "alt_text": "Medium"
                    },
                    {
                        "type": "mrkdwn",
                        "text": "Priority: *Medium*",
                        "verbatim": false
                    }
                ]
            },
            {
                "type": "actions",
                "block_id": "cin:issueFooterActions:10592::965e69f2a3c811ed9d88e510214ebb69",
                "elements": [
                    {
                        "type": "button",
                        "action_id": "{\"issueId\":\"10592\",\"instanceId\":\"807bc847-920e-3dd5-ab0c-2fe7ce8c3b42\",\"projectId\":\"10003\",\"action\":\"comment\",\"nType\":\"ISSUE_TRANSITIONED\",\"nPlace\":\"main\"}",
                        "text": {
                            "type": "plain_text",
                            "text": "Comment",
                            "emoji": true
                        },
                        "value": "comment"
                    },
                    {
                        "type": "static_select",
                        "action_id": "{\"issueId\":\"10592\",\"instanceId\":\"807bc847-920e-3dd5-ab0c-2fe7ce8c3b42\",\"projectId\":\"10003\",\"nType\":\"ISSUE_TRANSITIONED\",\"nPlace\":\"menu\",\"actor\":\"U04CX4QDTN2\"}",
                        "placeholder": {
                            "type": "plain_text",
                            "text": "More actions...",
                            "emoji": true
                        },
                        "options": [
                            {
                                "text": {
                                    "type": "plain_text",
                                    "text": "Watch",
                                    "emoji": true
                                },
                                "value": "watch"
                            },
                            {
                                "text": {
                                    "type": "plain_text",
                                    "text": "Assign",
                                    "emoji": true
                                },
                                "value": "assign"
                            },
                            {
                                "text": {
                                    "type": "plain_text",
                                    "text": "Transition",
                                    "emoji": true
                                },
                                "value": "transition"
                            },
                            {
                                "text": {
                                    "type": "plain_text",
                                    "text": "Why am I seeing this?",
                                    "emoji": true
                                },
                                "value": "why"
                            },
                            {
                                "text": {
                                    "type": "plain_text",
                                    "text": ":tada: Give kudos",
                                    "emoji": true
                                },
                                "value": "kudos"
                            }
                        ]
                    }
                ]
            }
        ],
        "team": "T03NAQR6PR8",
        "bot_profile": {
            "id": "B04BPLD25A4",
            "app_id": "A2RPP3NFR",
            "name": "Jira Cloud",
            "icons": {
                "image_36": "https:\/\/avatars.slack-edge.com\/2018-11-30\/493753869479_4b703f4119efe3d7d0ff_36.png",
                "image_48": "https:\/\/avatars.slack-edge.com\/2018-11-30\/493753869479_4b703f4119efe3d7d0ff_48.png",
                "image_72": "https:\/\/avatars.slack-edge.com\/2018-11-30\/493753869479_4b703f4119efe3d7d0ff_72.png"
            },
            "deleted": false,
            "updated": 1668518243,
            "team_id": "T03NAQR6PR8"
        }
    },
    {
        "bot_id": "B04BPLD25A4",
        "type": "message",
        "text": "@Gezim Veseli updated the resolution FEPI-119 Create a Tournament",
        "user": "U04AKD70TUP",
        "ts": "1675431743.192699",
        "app_id": "A2RPP3NFR",
        "blocks": [
            {
                "type": "section",
                "block_id": "cin:ih:10592::965e69f3a3c811ed9d88e510214ebb69",
                "text": {
                    "type": "mrkdwn",
                    "text": "*<slack:\/\/user?team=T03NAQR6PR8&amp;id=U04CX4QDTN2|@Gezim Veseli> updated the resolution of a Story*\n*<https:\/\/telos-labs.atlassian.net\/browse\/FEPI-119?atlOrigin=eyJpIjoiYmFhMmUzZTZhYmU3NDU5M2FhOThiMjU2N2U0YjNiNzEiLCJwIjoiamlyYS1zbGFjay1pbnQifQ|FEPI-119 Create a Tournament>*\nAs an admin I want to to create a tournament",
                    "verbatim": false
                }
            },
            {
                "type": "context",
                "block_id": ":cx:10592::965e9100a3c811ed9d88e510214ebb69",
                "elements": [
                    {
                        "type": "mrkdwn",
                        "text": "Status: *STAGING*",
                        "verbatim": false
                    },
                    {
                        "type": "image",
                        "image_url": "https:\/\/product-integrations-cdn.atl-paas.net\/jira-issuetype\/story.png",
                        "alt_text": "Story"
                    },
                    {
                        "type": "mrkdwn",
                        "text": "Type: *Story*",
                        "verbatim": false
                    },
                    {
                        "type": "image",
                        "image_url": "https:\/\/secure.gravatar.com\/avatar\/39d044942e18960ebdab24d159ae6cdf?d=https%3A%2F%2Fproduct-integrations-cdn.atl-paas.net%2Ficons%2Funknown-user.png",
                        "alt_text": "lorent.sh"
                    },
                    {
                        "type": "mrkdwn",
                        "text": "Assignee: *lorent.sh*",
                        "verbatim": false
                    },
                    {
                        "type": "image",
                        "image_url": "https:\/\/product-integrations-cdn.atl-paas.net\/jira-priority\/medium.png",
                        "alt_text": "Medium"
                    },
                    {
                        "type": "mrkdwn",
                        "text": "Priority: *Medium*",
                        "verbatim": false
                    }
                ]
            },
            {
                "type": "actions",
                "block_id": "cin:issueFooterActions:10592::965e9101a3c811ed9d88e510214ebb69",
                "elements": [
                    {
                        "type": "button",
                        "action_id": "{\"issueId\":\"10592\",\"instanceId\":\"807bc847-920e-3dd5-ab0c-2fe7ce8c3b42\",\"projectId\":\"10003\",\"action\":\"comment\",\"nType\":\"ISSUE_UPDATED\",\"nPlace\":\"main\"}",
                        "text": {
                            "type": "plain_text",
                            "text": "Comment",
                            "emoji": true
                        },
                        "value": "comment"
                    },
                    {
                        "type": "button",
                        "action_id": "{\"issueId\":\"10592\",\"instanceId\":\"807bc847-920e-3dd5-ab0c-2fe7ce8c3b42\",\"projectId\":\"10003\",\"action\":\"transition\",\"nType\":\"ISSUE_UPDATED\",\"nPlace\":\"main\"}",
                        "text": {
                            "type": "plain_text",
                            "text": "Transition",
                            "emoji": true
                        },
                        "value": "transition"
                    },
                    {
                        "type": "static_select",
                        "action_id": "{\"issueId\":\"10592\",\"instanceId\":\"807bc847-920e-3dd5-ab0c-2fe7ce8c3b42\",\"projectId\":\"10003\",\"nType\":\"ISSUE_UPDATED\",\"nPlace\":\"menu\"}",
                        "placeholder": {
                            "type": "plain_text",
                            "text": "More actions...",
                            "emoji": true
                        },
                        "options": [
                            {
                                "text": {
                                    "type": "plain_text",
                                    "text": "Watch",
                                    "emoji": true
                                },
                                "value": "watch"
                            },
                            {
                                "text": {
                                    "type": "plain_text",
                                    "text": "Assign",
                                    "emoji": true
                                },
                                "value": "assign"
                            },
                            {
                                "text": {
                                    "type": "plain_text",
                                    "text": "Why am I seeing this?",
                                    "emoji": true
                                },
                                "value": "why"
                            },
                            {
                                "text": {
                                    "type": "plain_text",
                                    "text": ":tada: Give kudos",
                                    "emoji": true
                                },
                                "value": "kudos"
                            }
                        ]
                    }
                ]
            }
        ],
        "team": "T03NAQR6PR8",
        "bot_profile": {
            "id": "B04BPLD25A4",
            "app_id": "A2RPP3NFR",
            "name": "Jira Cloud",
            "icons": {
                "image_36": "https:\/\/avatars.slack-edge.com\/2018-11-30\/493753869479_4b703f4119efe3d7d0ff_36.png",
                "image_48": "https:\/\/avatars.slack-edge.com\/2018-11-30\/493753869479_4b703f4119efe3d7d0ff_48.png",
                "image_72": "https:\/\/avatars.slack-edge.com\/2018-11-30\/493753869479_4b703f4119efe3d7d0ff_72.png"
            },
            "deleted": false,
            "updated": 1668518243,
            "team_id": "T03NAQR6PR8"
        }
    },
    {
        "type": "message",
        "subtype": "bot_message",
        "text": "*tascet* has joined this channel by invitation from *TelOS-Labs*.",
        "ts": "1675432470.782289",
        "user": "USLACKBOT",
        "username": "slackbot",
        "blocks": [
            {
                "type": "rich_text",
                "block_id": "Pdd",
                "elements": [
                    {
                        "type": "rich_text_section",
                        "elements": [
                            {
                                "type": "text",
                                "text": "tascet",
                                "style": {
                                    "bold": true
                                }
                            },
                            {
                                "type": "text",
                                "text": " has joined this channel by invitation from "
                            },
                            {
                                "type": "text",
                                "text": "TelOS-Labs",
                                "style": {
                                    "bold": true
                                }
                            },
                            {
                                "type": "text",
                                "text": "."
                            }
                        ]
                    }
                ]
            }
        ],
        "team": "T03NAQR6PR8"
    },
    {
        "type": "message",
        "subtype": "channel_join",
        "ts": "1675432470.888719",
        "user": "U00",
        "text": "<U00> has joined the channel",
        "team": "T03NAQR6PR8",
        "inviter": "U04CX4QDTN2"
    },
    {
        "type": "message",
        "subtype": "bot_message",
        "text": "<@U04CX4QDTN2> removed *tascet* from this channel.",
        "ts": "1675433789.653709",
        "user": "USLACKBOT",
        "username": "slackbot",
        "blocks": [
            {
                "type": "rich_text",
                "block_id": "P89",
                "elements": [
                    {
                        "type": "rich_text_section",
                        "elements": [
                            {
                                "type": "user",
                                "user_id": "U04CX4QDTN2"
                            },
                            {
                                "type": "text",
                                "text": " removed "
                            },
                            {
                                "type": "text",
                                "text": "tascet",
                                "style": {
                                    "bold": true
                                }
                            },
                            {
                                "type": "text",
                                "text": " from this channel."
                            }
                        ]
                    }
                ]
            }
        ],
        "team": "T03NAQR6PR8"
    },
    {
        "type": "message",
        "subtype": "channel_join",
        "ts": "1675440010.573039",
        "user": "U04MWCLPK6H",
        "text": "<@U04MWCLPK6H> has joined the channel",
        "team": "T03NAQR6PR8"
    }
]