[
    {
        "type": "message",
        "text": "I tried to create a fake game with fake description at IGDB, to try to show it in Twitch, so we could later use for getting streams of the users playing that game. But, they declined my request. So we can try contacting them to allow us to create a game named Fenworks and explain the purpose of our request.\n(test30378 it's my username, game was named Fenteswo with an ai generated description)",
        "files": [
            {
                "id": "F04UL0QAB6C",
                "created": 1678808140,
                "timestamp": 1678808140,
                "name": "ksnip_20230314-163305.png",
                "title": "ksnip_20230314-163305.png",
                "mimetype": "image\/png",
                "filetype": "png",
                "pretty_type": "PNG",
                "user": "U04MWCLPK6H",
                "user_team": "T03NAQR6PR8",
                "editable": false,
                "size": 115886,
                "mode": "hosted",
                "is_external": false,
                "external_type": "",
                "is_public": true,
                "public_url_shared": false,
                "display_as_bot": false,
                "username": "",
                "url_private": "https:\/\/files.slack.com\/files-pri\/T03NAQR6PR8-F04UL0QAB6C\/ksnip_20230314-163305.png?t=xoxe-3758841227858-6338573907026-6351205223169-d2d067b38c665e92ce386225ab512dc0",
                "url_private_download": "https:\/\/files.slack.com\/files-pri\/T03NAQR6PR8-F04UL0QAB6C\/download\/ksnip_20230314-163305.png?t=xoxe-3758841227858-6338573907026-6351205223169-d2d067b38c665e92ce386225ab512dc0",
                "media_display_type": "unknown",
                "thumb_64": "https:\/\/files.slack.com\/files-tmb\/T03NAQR6PR8-F04UL0QAB6C-4fb0c1196a\/ksnip_20230314-163305_64.png?t=xoxe-3758841227858-6338573907026-6351205223169-d2d067b38c665e92ce386225ab512dc0",
                "thumb_80": "https:\/\/files.slack.com\/files-tmb\/T03NAQR6PR8-F04UL0QAB6C-4fb0c1196a\/ksnip_20230314-163305_80.png?t=xoxe-3758841227858-6338573907026-6351205223169-d2d067b38c665e92ce386225ab512dc0",
                "thumb_360": "https:\/\/files.slack.com\/files-tmb\/T03NAQR6PR8-F04UL0QAB6C-4fb0c1196a\/ksnip_20230314-163305_360.png?t=xoxe-3758841227858-6338573907026-6351205223169-d2d067b38c665e92ce386225ab512dc0",
                "thumb_360_w": 360,
                "thumb_360_h": 233,
                "thumb_480": "https:\/\/files.slack.com\/files-tmb\/T03NAQR6PR8-F04UL0QAB6C-4fb0c1196a\/ksnip_20230314-163305_480.png?t=xoxe-3758841227858-6338573907026-6351205223169-d2d067b38c665e92ce386225ab512dc0",
                "thumb_480_w": 480,
                "thumb_480_h": 311,
                "thumb_160": "https:\/\/files.slack.com\/files-tmb\/T03NAQR6PR8-F04UL0QAB6C-4fb0c1196a\/ksnip_20230314-163305_160.png?t=xoxe-3758841227858-6338573907026-6351205223169-d2d067b38c665e92ce386225ab512dc0",
                "thumb_720": "https:\/\/files.slack.com\/files-tmb\/T03NAQR6PR8-F04UL0QAB6C-4fb0c1196a\/ksnip_20230314-163305_720.png?t=xoxe-3758841227858-6338573907026-6351205223169-d2d067b38c665e92ce386225ab512dc0",
                "thumb_720_w": 720,
                "thumb_720_h": 467,
                "thumb_800": "https:\/\/files.slack.com\/files-tmb\/T03NAQR6PR8-F04UL0QAB6C-4fb0c1196a\/ksnip_20230314-163305_800.png?t=xoxe-3758841227858-6338573907026-6351205223169-d2d067b38c665e92ce386225ab512dc0",
                "thumb_800_w": 800,
                "thumb_800_h": 518,
                "thumb_960": "https:\/\/files.slack.com\/files-tmb\/T03NAQR6PR8-F04UL0QAB6C-4fb0c1196a\/ksnip_20230314-163305_960.png?t=xoxe-3758841227858-6338573907026-6351205223169-d2d067b38c665e92ce386225ab512dc0",
                "thumb_960_w": 960,
                "thumb_960_h": 622,
                "thumb_1024": "https:\/\/files.slack.com\/files-tmb\/T03NAQR6PR8-F04UL0QAB6C-4fb0c1196a\/ksnip_20230314-163305_1024.png?t=xoxe-3758841227858-6338573907026-6351205223169-d2d067b38c665e92ce386225ab512dc0",
                "thumb_1024_w": 1024,
                "thumb_1024_h": 664,
                "original_w": 1267,
                "original_h": 821,
                "thumb_tiny": "AwAfADC8sSIDtUKPY0NFHJ1AbHvUlFAEX2aH\/nktIbaAAkxrxzU1FAEAt7cgERr+VL9mgP8AyzWpcZPBFLQAUUUUAFBAIIPSigjcCD3oAaFA6dKdQBgYAGBQDkdMUAf\/2Q==",
                "permalink": "https:\/\/telos-labs-workspace.slack.com\/files\/U04MWCLPK6H\/F04UL0QAB6C\/ksnip_20230314-163305.png",
                "permalink_public": "https:\/\/slack-files.com\/T03NAQR6PR8-F04UL0QAB6C-e87e532d8c",
                "is_starred": false,
                "has_rich_preview": false,
                "file_access": "visible"
            }
        ],
        "upload": false,
        "user": "U04MWCLPK6H",
        "display_as_bot": false,
        "team": "T03NAQR6PR8",
        "ts": "1678808215.850939",
        "blocks": [
            {
                "type": "rich_text",
                "block_id": "=EKV",
                "elements": [
                    {
                        "type": "rich_text_section",
                        "elements": [
                            {
                                "type": "text",
                                "text": "I tried to create a fake game with fake description at IGDB, to try to show it in Twitch, so we could later use for getting streams of the users playing that game. But, they declined my request. So we can try contacting them to allow us to create a game named Fenworks and explain the purpose of our request.\n(test30378 it's my username, game was named Fenteswo with an ai generated description)"
                            }
                        ]
                    }
                ]
            }
        ],
        "client_msg_id": "357bdca2-65bc-4b8f-9908-28c6b13e99fa",
        "user_team": "T03NAQR6PR8",
        "source_team": "T03NAQR6PR8",
        "user_profile": {
            "avatar_hash": "g39d044942e1",
            "image_72": "https:\/\/secure.gravatar.com\/avatar\/39d044942e18960ebdab24d159ae6cdf.jpg?s=72&d=https%3A%2F%2Fa.slack-edge.com%2Fdf10d%2Fimg%2Favatars%2Fava_0023-72.png",
            "first_name": "Lorent",
            "real_name": "Lorent Shtavica",
            "display_name": "",
            "team": "T03NAQR6PR8",
            "name": "lorent.sh",
            "is_restricted": false,
            "is_ultra_restricted": false
        },
        "reactions": [
            {
                "name": "+1",
                "users": [
                    "U03P0HMH4LQ",
                    "U04CX4QDTN2"
                ],
                "count": 2
            }
        ]
    }
]