[
    {
        "client_msg_id": "3540cb61-e7b7-4ebf-ad4d-2ef2e6188efd",
        "type": "message",
        "text": "<@U04NB32ULA0> <@U04N8P2CWD9><@U04NQNWNRCL><@U04N4MNUSSX> please find below the Figma wireframe link for Dark Mode <https:\/\/www.figma.com\/file\/sGjCDhjbejL7o4ZDHQEBB1\/Fenworks?node-id=8212%3A107053&amp;t=YlLZKxwuokK3JWlA-4>",
        "user": "U04CX4QDTN2",
        "ts": "1678206303.621009",
        "blocks": [
            {
                "type": "rich_text",
                "block_id": "Mmsw",
                "elements": [
                    {
                        "type": "rich_text_section",
                        "elements": [
                            {
                                "type": "user",
                                "user_id": "U04NB32ULA0"
                            },
                            {
                                "type": "text",
                                "text": " "
                            },
                            {
                                "type": "user",
                                "user_id": "U04N8P2CWD9"
                            },
                            {
                                "type": "user",
                                "user_id": "U04NQNWNRCL"
                            },
                            {
                                "type": "user",
                                "user_id": "U04N4MNUSSX"
                            },
                            {
                                "type": "text",
                                "text": " please find below the Figma wireframe link for Dark Mode "
                            },
                            {
                                "type": "link",
                                "url": "https:\/\/www.figma.com\/file\/sGjCDhjbejL7o4ZDHQEBB1\/Fenworks?node-id=8212%3A107053&t=YlLZKxwuokK3JWlA-4"
                            }
                        ]
                    }
                ]
            }
        ],
        "team": "T03NAQR6PR8",
        "user_team": "T03NAQR6PR8",
        "source_team": "T03NAQR6PR8",
        "user_profile": {
            "avatar_hash": "ba98d8d4230a",
            "image_72": "https:\/\/avatars.slack-edge.com\/2023-03-30\/5033971501634_ba98d8d4230aa09641c0_72.jpg",
            "first_name": "Gezim",
            "real_name": "Gezim Veseli",
            "display_name": "Gezim Veseli",
            "team": "T03NAQR6PR8",
            "name": "gezim.veseli",
            "is_restricted": false,
            "is_ultra_restricted": false
        }
    },
    {
        "client_msg_id": "035D4EF7-7367-4D1A-A46D-D7362ED6A83B",
        "type": "message",
        "text": "Thank you! ",
        "user": "U04NB32ULA0",
        "ts": "1678206844.420309",
        "blocks": [
            {
                "type": "rich_text",
                "block_id": "xGQ+",
                "elements": [
                    {
                        "type": "rich_text_section",
                        "elements": [
                            {
                                "type": "text",
                                "text": "Thank you! "
                            }
                        ]
                    }
                ]
            }
        ],
        "team": "T03NAQR6PR8",
        "user_team": "T04N79DBACU",
        "source_team": "T04N79DBACU",
        "user_profile": {
            "avatar_hash": "075a65d341de",
            "image_72": "https:\/\/avatars.slack-edge.com\/2023-03-27\/5011009830597_075a65d341de8705ac09_72.png",
            "first_name": "Ilirijan",
            "real_name": "Ilirijan Residovski",
            "display_name": "Ilirijan Residovski",
            "team": "T04N79DBACU",
            "name": "il.residovski",
            "is_restricted": false,
            "is_ultra_restricted": false
        },
        "reactions": [
            {
                "name": "+1",
                "users": [
                    "U04CX4QDTN2"
                ],
                "count": 1
            }
        ]
    }
]