[
    {
        "client_msg_id": "8f0a154d-a72b-4bd4-8656-d3367dbbe7c6",
        "type": "message",
        "text": "<https:\/\/telos-labs.atlassian.net\/browse\/FEPI-248>",
        "user": "U04CX4QDTN2",
        "ts": "1675953196.918639",
        "blocks": [
            {
                "type": "rich_text",
                "block_id": "TxkXi",
                "elements": [
                    {
                        "type": "rich_text_section",
                        "elements": [
                            {
                                "type": "link",
                                "url": "https:\/\/telos-labs.atlassian.net\/browse\/FEPI-248"
                            }
                        ]
                    }
                ]
            }
        ],
        "team": "T03NAQR6PR8",
        "user_team": "T03NAQR6PR8",
        "source_team": "T03NAQR6PR8",
        "user_profile": {
            "avatar_hash": "ba98d8d4230a",
            "image_72": "https:\/\/avatars.slack-edge.com\/2023-03-30\/5033971501634_ba98d8d4230aa09641c0_72.jpg",
            "first_name": "Gezim",
            "real_name": "Gezim Veseli",
            "display_name": "Gezim Veseli",
            "team": "T03NAQR6PR8",
            "name": "gezim.veseli",
            "is_restricted": false,
            "is_ultra_restricted": false
        },
        "attachments": [
            {
                "id": 1,
                "blocks": [
                    {
                        "type": "section",
                        "block_id": "uf:ih:10788::b1bf1f10a88611edbec6114b15592fab",
                        "text": {
                            "type": "mrkdwn",
                            "text": "*<https:\/\/telos-labs.atlassian.net\/browse\/FEPI-248?atlOrigin=eyJpIjoiOTcyNmZkYzAyNDgxNGFmYmFhNmQ4MTdlYjBkZTQ3NjIiLCJwIjoiamlyYS1zbGFjay1pbnQifQ|FEPI-248 Assign Teams to the Tournament>*",
                            "verbatim": false
                        }
                    },
                    {
                        "type": "context",
                        "block_id": "uf:cx:10788::b1bf1f12a88611edbec6114b15592fab",
                        "elements": [
                            {
                                "type": "mrkdwn",
                                "text": "Status: *To Do*",
                                "verbatim": false
                            },
                            {
                                "type": "image",
                                "image_url": "https:\/\/product-integrations-cdn.atl-paas.net\/jira-issuetype\/story.png",
                                "alt_text": "Story"
                            },
                            {
                                "type": "mrkdwn",
                                "text": "Type: *Story*",
                                "verbatim": false
                            },
                            {
                                "type": "image",
                                "image_url": "https:\/\/secure.gravatar.com\/avatar\/a1a235282a6aba14ba2b64bbcb5889bd?d=https%3A%2F%2Fproduct-integrations-cdn.atl-paas.net%2Ficons%2Funknown-user.png",
                                "alt_text": "Gezim Veseli"
                            },
                            {
                                "type": "mrkdwn",
                                "text": "Assignee: *Gezim Veseli*",
                                "verbatim": false
                            },
                            {
                                "type": "image",
                                "image_url": "https:\/\/product-integrations-cdn.atl-paas.net\/jira-priority\/medium.png",
                                "alt_text": "Medium"
                            },
                            {
                                "type": "mrkdwn",
                                "text": "Priority: *Medium*",
                                "verbatim": false
                            }
                        ]
                    },
                    {
                        "type": "actions",
                        "block_id": "uf:issueFooterActions:10788::b1bf1f11a88611edbec6114b15592fab",
                        "elements": [
                            {
                                "type": "button",
                                "action_id": "{\"issueId\":\"10788\",\"instanceId\":\"807bc847-920e-3dd5-ab0c-2fe7ce8c3b42\",\"projectId\":\"10003\",\"action\":\"watch\",\"nType\":\"ISSUE_UNFURL\",\"nPlace\":\"main\"}",
                                "text": {
                                    "type": "plain_text",
                                    "text": "Watch",
                                    "emoji": true
                                },
                                "value": "watch"
                            },
                            {
                                "type": "static_select",
                                "action_id": "{\"issueId\":\"10788\",\"instanceId\":\"807bc847-920e-3dd5-ab0c-2fe7ce8c3b42\",\"projectId\":\"10003\",\"nType\":\"ISSUE_UNFURL\",\"nPlace\":\"menu\"}",
                                "placeholder": {
                                    "type": "plain_text",
                                    "text": "More actions...",
                                    "emoji": true
                                },
                                "options": [
                                    {
                                        "text": {
                                            "type": "plain_text",
                                            "text": "Comment",
                                            "emoji": true
                                        },
                                        "value": "comment"
                                    },
                                    {
                                        "text": {
                                            "type": "plain_text",
                                            "text": "Assign",
                                            "emoji": true
                                        },
                                        "value": "assign"
                                    },
                                    {
                                        "text": {
                                            "type": "plain_text",
                                            "text": "Transition",
                                            "emoji": true
                                        },
                                        "value": "transition"
                                    },
                                    {
                                        "text": {
                                            "type": "plain_text",
                                            "text": "Why am I seeing this?",
                                            "emoji": true
                                        },
                                        "value": "why"
                                    },
                                    {
                                        "text": {
                                            "type": "plain_text",
                                            "text": "Receive updates in channel",
                                            "emoji": true
                                        },
                                        "value": "connect"
                                    }
                                ]
                            }
                        ]
                    }
                ],
                "color": "#2684FF",
                "fallback": "[no preview available]",
                "bot_id": "B04BPLD25A4",
                "app_unfurl_url": "https:\/\/telos-labs.atlassian.net\/browse\/FEPI-248",
                "is_app_unfurl": true,
                "app_id": "A2RPP3NFR"
            }
        ]
    }
]