[
    {
        "bot_id": "B04BPLD25A4",
        "type": "message",
        "text": "Ilirijan Residovski commented on FEPI-119 Create a Tournament",
        "user": "U04AKD70TUP",
        "ts": "1681222583.503939",
        "app_id": "A2RPP3NFR",
        "blocks": [
            {
                "type": "section",
                "block_id": "cin:ih:10592::702f7370d87311ed9af0b978a834adc6",
                "text": {
                    "type": "mrkdwn",
                    "text": "*Ilirijan Residovski commented on a Story in `TEST ENVIOREMENT`*\n*<https:\/\/telos-labs.atlassian.net\/browse\/FEPI-119?atlOrigin=eyJpIjoiNjdlODE0ZDU5YTJlNDRjNGFlYjI4NTc1MmQzMjY1MmEiLCJwIjoiamlyYS1zbGFjay1pbnQifQ&amp;focusedCommentId=10022&amp;page=com.atlassian.jira.plugin.system.issuetabpanels%3Acomment-tabpanel#comment-10022|FEPI-119 Create a Tournament>*",
                    "verbatim": false
                }
            },
            {
                "type": "section",
                "block_id": "cn:nb:::702fc190d87311ed9af0b978a834adc6",
                "text": {
                    "type": "mrkdwn",
                    "text": "&gt;&gt;&gt;:scroll: &lt;Table 1x6&gt;\nThe above credentials for Okteto does not work.",
                    "verbatim": false
                }
            },
            {
                "type": "actions",
                "block_id": "cin:issueFooterActions:10592::702fe8a0d87311ed9af0b978a834adc6",
                "elements": [
                    {
                        "type": "button",
                        "action_id": "{\"issueId\":\"10592\",\"instanceId\":\"807bc847-920e-3dd5-ab0c-2fe7ce8c3b42\",\"projectId\":\"10003\",\"action\":\"comment\",\"nType\":\"ISSUE_COMMENTED\",\"nPlace\":\"main\"}",
                        "text": {
                            "type": "plain_text",
                            "text": "Comment",
                            "emoji": true
                        },
                        "value": "comment"
                    },
                    {
                        "type": "static_select",
                        "action_id": "{\"issueId\":\"10592\",\"instanceId\":\"807bc847-920e-3dd5-ab0c-2fe7ce8c3b42\",\"projectId\":\"10003\",\"nType\":\"ISSUE_COMMENTED\",\"nPlace\":\"menu\"}",
                        "placeholder": {
                            "type": "plain_text",
                            "text": "More actions...",
                            "emoji": true
                        },
                        "options": [
                            {
                                "text": {
                                    "type": "plain_text",
                                    "text": "Watch",
                                    "emoji": true
                                },
                                "value": "watch"
                            },
                            {
                                "text": {
                                    "type": "plain_text",
                                    "text": "Assign",
                                    "emoji": true
                                },
                                "value": "assign"
                            },
                            {
                                "text": {
                                    "type": "plain_text",
                                    "text": "Transition",
                                    "emoji": true
                                },
                                "value": "transition"
                            },
                            {
                                "text": {
                                    "type": "plain_text",
                                    "text": "Why am I seeing this?",
                                    "emoji": true
                                },
                                "value": "why"
                            },
                            {
                                "text": {
                                    "type": "plain_text",
                                    "text": ":tada: Give kudos",
                                    "emoji": true
                                },
                                "value": "kudos"
                            }
                        ]
                    }
                ]
            }
        ],
        "team": "T03NAQR6PR8",
        "bot_profile": {
            "id": "B04BPLD25A4",
            "app_id": "A2RPP3NFR",
            "name": "Jira Cloud",
            "icons": {
                "image_36": "https:\/\/avatars.slack-edge.com\/2018-11-30\/493753869479_4b703f4119efe3d7d0ff_36.png",
                "image_48": "https:\/\/avatars.slack-edge.com\/2018-11-30\/493753869479_4b703f4119efe3d7d0ff_48.png",
                "image_72": "https:\/\/avatars.slack-edge.com\/2018-11-30\/493753869479_4b703f4119efe3d7d0ff_72.png"
            },
            "deleted": false,
            "updated": 1668518243,
            "team_id": "T03NAQR6PR8"
        }
    },
    {
        "bot_id": "B04BPLD25A4",
        "type": "message",
        "text": "Ilirijan Residovski updated the Rank FEPI-119 Create a Tournament",
        "user": "U04AKD70TUP",
        "ts": "1681222658.176799",
        "app_id": "A2RPP3NFR",
        "blocks": [
            {
                "type": "section",
                "block_id": "cin:ih:10592::9cc135e0d87311eda0585146de4f6a0a",
                "text": {
                    "type": "mrkdwn",
                    "text": "*Ilirijan Residovski updated the Rank of a Story*\n*<https:\/\/telos-labs.atlassian.net\/browse\/FEPI-119?atlOrigin=eyJpIjoiMmI4OTEwOGE4OGUyNGNiOGJlNjkzY2Y2OWVkMDkyY2UiLCJwIjoiamlyYS1zbGFjay1pbnQifQ|FEPI-119 Create a Tournament>*\nAs an admin I want to to create a tournament",
                    "verbatim": false
                }
            },
            {
                "type": "context",
                "block_id": ":cx:10592::9cc135e1d87311eda0585146de4f6a0a",
                "elements": [
                    {
                        "type": "mrkdwn",
                        "text": "Status: *In Progress*",
                        "verbatim": false
                    },
                    {
                        "type": "image",
                        "image_url": "https:\/\/product-integrations-cdn.atl-paas.net\/jira-issuetype\/story.png",
                        "alt_text": "Story"
                    },
                    {
                        "type": "mrkdwn",
                        "text": "Type: *Story*",
                        "verbatim": false
                    },
                    {
                        "type": "image",
                        "image_url": "https:\/\/secure.gravatar.com\/avatar\/39d044942e18960ebdab24d159ae6cdf?d=https%3A%2F%2Fproduct-integrations-cdn.atl-paas.net%2Ficons%2Funknown-user.png",
                        "alt_text": "lorent.sh"
                    },
                    {
                        "type": "mrkdwn",
                        "text": "Assignee: *lorent.sh*",
                        "verbatim": false
                    },
                    {
                        "type": "image",
                        "image_url": "https:\/\/product-integrations-cdn.atl-paas.net\/jira-priority\/medium.png",
                        "alt_text": "Medium"
                    },
                    {
                        "type": "mrkdwn",
                        "text": "Priority: *Medium*",
                        "verbatim": false
                    }
                ]
            },
            {
                "type": "actions",
                "block_id": "cin:issueFooterActions:10592::9cc135e2d87311eda0585146de4f6a0a",
                "elements": [
                    {
                        "type": "button",
                        "action_id": "{\"issueId\":\"10592\",\"instanceId\":\"807bc847-920e-3dd5-ab0c-2fe7ce8c3b42\",\"projectId\":\"10003\",\"action\":\"comment\",\"nType\":\"ISSUE_UPDATED\",\"nPlace\":\"main\"}",
                        "text": {
                            "type": "plain_text",
                            "text": "Comment",
                            "emoji": true
                        },
                        "value": "comment"
                    },
                    {
                        "type": "button",
                        "action_id": "{\"issueId\":\"10592\",\"instanceId\":\"807bc847-920e-3dd5-ab0c-2fe7ce8c3b42\",\"projectId\":\"10003\",\"action\":\"transition\",\"nType\":\"ISSUE_UPDATED\",\"nPlace\":\"main\"}",
                        "text": {
                            "type": "plain_text",
                            "text": "Transition",
                            "emoji": true
                        },
                        "value": "transition"
                    },
                    {
                        "type": "static_select",
                        "action_id": "{\"issueId\":\"10592\",\"instanceId\":\"807bc847-920e-3dd5-ab0c-2fe7ce8c3b42\",\"projectId\":\"10003\",\"nType\":\"ISSUE_UPDATED\",\"nPlace\":\"menu\"}",
                        "placeholder": {
                            "type": "plain_text",
                            "text": "More actions...",
                            "emoji": true
                        },
                        "options": [
                            {
                                "text": {
                                    "type": "plain_text",
                                    "text": "Watch",
                                    "emoji": true
                                },
                                "value": "watch"
                            },
                            {
                                "text": {
                                    "type": "plain_text",
                                    "text": "Assign",
                                    "emoji": true
                                },
                                "value": "assign"
                            },
                            {
                                "text": {
                                    "type": "plain_text",
                                    "text": "Why am I seeing this?",
                                    "emoji": true
                                },
                                "value": "why"
                            },
                            {
                                "text": {
                                    "type": "plain_text",
                                    "text": ":tada: Give kudos",
                                    "emoji": true
                                },
                                "value": "kudos"
                            }
                        ]
                    }
                ]
            }
        ],
        "team": "T03NAQR6PR8",
        "bot_profile": {
            "id": "B04BPLD25A4",
            "app_id": "A2RPP3NFR",
            "name": "Jira Cloud",
            "icons": {
                "image_36": "https:\/\/avatars.slack-edge.com\/2018-11-30\/493753869479_4b703f4119efe3d7d0ff_36.png",
                "image_48": "https:\/\/avatars.slack-edge.com\/2018-11-30\/493753869479_4b703f4119efe3d7d0ff_48.png",
                "image_72": "https:\/\/avatars.slack-edge.com\/2018-11-30\/493753869479_4b703f4119efe3d7d0ff_72.png"
            },
            "deleted": false,
            "updated": 1668518243,
            "team_id": "T03NAQR6PR8"
        }
    },
    {
        "bot_id": "B04BPLD25A4",
        "type": "message",
        "text": "Ilirijan Residovski transitioned FEPI-119 Create a Tournament from TEST ENVIOREMENT ⟶ In Progress",
        "user": "U04AKD70TUP",
        "ts": "1681222658.329109",
        "app_id": "A2RPP3NFR",
        "blocks": [
            {
                "type": "section",
                "block_id": "cin:ih:10592::9cce0720d87311eda6ea93524b4782a4",
                "text": {
                    "type": "mrkdwn",
                    "text": "*Ilirijan Residovski transitioned a Story from `TEST ENVIOREMENT` ⟶ `In Progress`*\n*<https:\/\/telos-labs.atlassian.net\/browse\/FEPI-119?atlOrigin=eyJpIjoiZjA3YzI5ZWJmMjI5NDk3MDlhZDBhNDcwM2E2MTNlMDciLCJwIjoiamlyYS1zbGFjay1pbnQifQ|FEPI-119 Create a Tournament>*\nAs an admin I want to to create a tournament",
                    "verbatim": false
                }
            },
            {
                "type": "context",
                "block_id": ":cx:10592::9cce0721d87311eda6ea93524b4782a4",
                "elements": [
                    {
                        "type": "mrkdwn",
                        "text": "Status: *In Progress*",
                        "verbatim": false
                    },
                    {
                        "type": "image",
                        "image_url": "https:\/\/product-integrations-cdn.atl-paas.net\/jira-issuetype\/story.png",
                        "alt_text": "Story"
                    },
                    {
                        "type": "mrkdwn",
                        "text": "Type: *Story*",
                        "verbatim": false
                    },
                    {
                        "type": "image",
                        "image_url": "https:\/\/secure.gravatar.com\/avatar\/39d044942e18960ebdab24d159ae6cdf?d=https%3A%2F%2Fproduct-integrations-cdn.atl-paas.net%2Ficons%2Funknown-user.png",
                        "alt_text": "lorent.sh"
                    },
                    {
                        "type": "mrkdwn",
                        "text": "Assignee: *lorent.sh*",
                        "verbatim": false
                    },
                    {
                        "type": "image",
                        "image_url": "https:\/\/product-integrations-cdn.atl-paas.net\/jira-priority\/medium.png",
                        "alt_text": "Medium"
                    },
                    {
                        "type": "mrkdwn",
                        "text": "Priority: *Medium*",
                        "verbatim": false
                    }
                ]
            },
            {
                "type": "actions",
                "block_id": "cin:issueFooterActions:10592::9cce0722d87311eda6ea93524b4782a4",
                "elements": [
                    {
                        "type": "button",
                        "action_id": "{\"issueId\":\"10592\",\"instanceId\":\"807bc847-920e-3dd5-ab0c-2fe7ce8c3b42\",\"projectId\":\"10003\",\"action\":\"comment\",\"nType\":\"ISSUE_TRANSITIONED\",\"nPlace\":\"main\"}",
                        "text": {
                            "type": "plain_text",
                            "text": "Comment",
                            "emoji": true
                        },
                        "value": "comment"
                    },
                    {
                        "type": "static_select",
                        "action_id": "{\"issueId\":\"10592\",\"instanceId\":\"807bc847-920e-3dd5-ab0c-2fe7ce8c3b42\",\"projectId\":\"10003\",\"nType\":\"ISSUE_TRANSITIONED\",\"nPlace\":\"menu\"}",
                        "placeholder": {
                            "type": "plain_text",
                            "text": "More actions...",
                            "emoji": true
                        },
                        "options": [
                            {
                                "text": {
                                    "type": "plain_text",
                                    "text": "Watch",
                                    "emoji": true
                                },
                                "value": "watch"
                            },
                            {
                                "text": {
                                    "type": "plain_text",
                                    "text": "Assign",
                                    "emoji": true
                                },
                                "value": "assign"
                            },
                            {
                                "text": {
                                    "type": "plain_text",
                                    "text": "Transition",
                                    "emoji": true
                                },
                                "value": "transition"
                            },
                            {
                                "text": {
                                    "type": "plain_text",
                                    "text": "Why am I seeing this?",
                                    "emoji": true
                                },
                                "value": "why"
                            },
                            {
                                "text": {
                                    "type": "plain_text",
                                    "text": ":tada: Give kudos",
                                    "emoji": true
                                },
                                "value": "kudos"
                            }
                        ]
                    }
                ]
            }
        ],
        "team": "T03NAQR6PR8",
        "bot_profile": {
            "id": "B04BPLD25A4",
            "app_id": "A2RPP3NFR",
            "name": "Jira Cloud",
            "icons": {
                "image_36": "https:\/\/avatars.slack-edge.com\/2018-11-30\/493753869479_4b703f4119efe3d7d0ff_36.png",
                "image_48": "https:\/\/avatars.slack-edge.com\/2018-11-30\/493753869479_4b703f4119efe3d7d0ff_48.png",
                "image_72": "https:\/\/avatars.slack-edge.com\/2018-11-30\/493753869479_4b703f4119efe3d7d0ff_72.png"
            },
            "deleted": false,
            "updated": 1668518243,
            "team_id": "T03NAQR6PR8"
        }
    },
    {
        "bot_id": "B04BPLD25A4",
        "type": "message",
        "text": "Ilirijan Residovski updated the resolution FEPI-119 Create a Tournament",
        "user": "U04AKD70TUP",
        "ts": "1681222658.490769",
        "app_id": "A2RPP3NFR",
        "blocks": [
            {
                "type": "section",
                "block_id": "cin:ih:10592::9cce0723d87311eda6ea93524b4782a4",
                "text": {
                    "type": "mrkdwn",
                    "text": "*Ilirijan Residovski updated the resolution of a Story*\n*<https:\/\/telos-labs.atlassian.net\/browse\/FEPI-119?atlOrigin=eyJpIjoiZDllNGUyODMyNzBlNDllNGIzZWMzODgxNTc4MDFmMTMiLCJwIjoiamlyYS1zbGFjay1pbnQifQ|FEPI-119 Create a Tournament>*\nAs an admin I want to to create a tournament",
                    "verbatim": false
                }
            },
            {
                "type": "context",
                "block_id": ":cx:10592::9cce0724d87311eda6ea93524b4782a4",
                "elements": [
                    {
                        "type": "mrkdwn",
                        "text": "Status: *In Progress*",
                        "verbatim": false
                    },
                    {
                        "type": "image",
                        "image_url": "https:\/\/product-integrations-cdn.atl-paas.net\/jira-issuetype\/story.png",
                        "alt_text": "Story"
                    },
                    {
                        "type": "mrkdwn",
                        "text": "Type: *Story*",
                        "verbatim": false
                    },
                    {
                        "type": "image",
                        "image_url": "https:\/\/secure.gravatar.com\/avatar\/39d044942e18960ebdab24d159ae6cdf?d=https%3A%2F%2Fproduct-integrations-cdn.atl-paas.net%2Ficons%2Funknown-user.png",
                        "alt_text": "lorent.sh"
                    },
                    {
                        "type": "mrkdwn",
                        "text": "Assignee: *lorent.sh*",
                        "verbatim": false
                    },
                    {
                        "type": "image",
                        "image_url": "https:\/\/product-integrations-cdn.atl-paas.net\/jira-priority\/medium.png",
                        "alt_text": "Medium"
                    },
                    {
                        "type": "mrkdwn",
                        "text": "Priority: *Medium*",
                        "verbatim": false
                    }
                ]
            },
            {
                "type": "actions",
                "block_id": "cin:issueFooterActions:10592::9cce0725d87311eda6ea93524b4782a4",
                "elements": [
                    {
                        "type": "button",
                        "action_id": "{\"issueId\":\"10592\",\"instanceId\":\"807bc847-920e-3dd5-ab0c-2fe7ce8c3b42\",\"projectId\":\"10003\",\"action\":\"comment\",\"nType\":\"ISSUE_UPDATED\",\"nPlace\":\"main\"}",
                        "text": {
                            "type": "plain_text",
                            "text": "Comment",
                            "emoji": true
                        },
                        "value": "comment"
                    },
                    {
                        "type": "button",
                        "action_id": "{\"issueId\":\"10592\",\"instanceId\":\"807bc847-920e-3dd5-ab0c-2fe7ce8c3b42\",\"projectId\":\"10003\",\"action\":\"transition\",\"nType\":\"ISSUE_UPDATED\",\"nPlace\":\"main\"}",
                        "text": {
                            "type": "plain_text",
                            "text": "Transition",
                            "emoji": true
                        },
                        "value": "transition"
                    },
                    {
                        "type": "static_select",
                        "action_id": "{\"issueId\":\"10592\",\"instanceId\":\"807bc847-920e-3dd5-ab0c-2fe7ce8c3b42\",\"projectId\":\"10003\",\"nType\":\"ISSUE_UPDATED\",\"nPlace\":\"menu\"}",
                        "placeholder": {
                            "type": "plain_text",
                            "text": "More actions...",
                            "emoji": true
                        },
                        "options": [
                            {
                                "text": {
                                    "type": "plain_text",
                                    "text": "Watch",
                                    "emoji": true
                                },
                                "value": "watch"
                            },
                            {
                                "text": {
                                    "type": "plain_text",
                                    "text": "Assign",
                                    "emoji": true
                                },
                                "value": "assign"
                            },
                            {
                                "text": {
                                    "type": "plain_text",
                                    "text": "Why am I seeing this?",
                                    "emoji": true
                                },
                                "value": "why"
                            },
                            {
                                "text": {
                                    "type": "plain_text",
                                    "text": ":tada: Give kudos",
                                    "emoji": true
                                },
                                "value": "kudos"
                            }
                        ]
                    }
                ]
            }
        ],
        "team": "T03NAQR6PR8",
        "bot_profile": {
            "id": "B04BPLD25A4",
            "app_id": "A2RPP3NFR",
            "name": "Jira Cloud",
            "icons": {
                "image_36": "https:\/\/avatars.slack-edge.com\/2018-11-30\/493753869479_4b703f4119efe3d7d0ff_36.png",
                "image_48": "https:\/\/avatars.slack-edge.com\/2018-11-30\/493753869479_4b703f4119efe3d7d0ff_48.png",
                "image_72": "https:\/\/avatars.slack-edge.com\/2018-11-30\/493753869479_4b703f4119efe3d7d0ff_72.png"
            },
            "deleted": false,
            "updated": 1668518243,
            "team_id": "T03NAQR6PR8"
        }
    },
    {
        "bot_id": "B04BPLD25A4",
        "type": "message",
        "text": "Automation for Jira assigned FEPI-119 Create a Tournament from lorent.sh ⟶ Ilirijan Residovski",
        "user": "U04AKD70TUP",
        "ts": "1681222659.845529",
        "app_id": "A2RPP3NFR",
        "blocks": [
            {
                "type": "section",
                "block_id": "cin:ih:10592::9db7f1f0d87311ed9833a92591205203",
                "text": {
                    "type": "mrkdwn",
                    "text": "*Automation for Jira assigned a Story from lorent.sh ⟶ Ilirijan Residovski*\n*<https:\/\/telos-labs.atlassian.net\/browse\/FEPI-119?atlOrigin=eyJpIjoiMzQ0NDI5NWJiNjNmNDhlODk2MjIwMTJkZjE3ZDU0ZWMiLCJwIjoiamlyYS1zbGFjay1pbnQifQ|FEPI-119 Create a Tournament>*\nAs an admin I want to to create a tournament",
                    "verbatim": false
                }
            },
            {
                "type": "context",
                "block_id": ":cx:10592::9db7f1f1d87311ed9833a92591205203",
                "elements": [
                    {
                        "type": "mrkdwn",
                        "text": "Status: *In Progress*",
                        "verbatim": false
                    },
                    {
                        "type": "image",
                        "image_url": "https:\/\/product-integrations-cdn.atl-paas.net\/jira-issuetype\/story.png",
                        "alt_text": "Story"
                    },
                    {
                        "type": "mrkdwn",
                        "text": "Type: *Story*",
                        "verbatim": false
                    },
                    {
                        "type": "image",
                        "image_url": "https:\/\/secure.gravatar.com\/avatar\/2a66a4ad78df510cbb48f1a83d3cce5e?d=https%3A%2F%2Fproduct-integrations-cdn.atl-paas.net%2Ficons%2Funknown-user.png",
                        "alt_text": "Ilirijan Residovski"
                    },
                    {
                        "type": "mrkdwn",
                        "text": "Assignee: *Ilirijan Residovski*",
                        "verbatim": false
                    },
                    {
                        "type": "image",
                        "image_url": "https:\/\/product-integrations-cdn.atl-paas.net\/jira-priority\/medium.png",
                        "alt_text": "Medium"
                    },
                    {
                        "type": "mrkdwn",
                        "text": "Priority: *Medium*",
                        "verbatim": false
                    }
                ]
            },
            {
                "type": "actions",
                "block_id": "cin:issueFooterActions:10592::9db7f1f2d87311ed9833a92591205203",
                "elements": [
                    {
                        "type": "button",
                        "action_id": "{\"issueId\":\"10592\",\"instanceId\":\"807bc847-920e-3dd5-ab0c-2fe7ce8c3b42\",\"projectId\":\"10003\",\"action\":\"transition\",\"nType\":\"ISSUE_ASSIGNED\",\"nPlace\":\"main\"}",
                        "text": {
                            "type": "plain_text",
                            "text": "Transition",
                            "emoji": true
                        },
                        "value": "transition"
                    },
                    {
                        "type": "static_select",
                        "action_id": "{\"issueId\":\"10592\",\"instanceId\":\"807bc847-920e-3dd5-ab0c-2fe7ce8c3b42\",\"projectId\":\"10003\",\"nType\":\"ISSUE_ASSIGNED\",\"nPlace\":\"menu\"}",
                        "placeholder": {
                            "type": "plain_text",
                            "text": "More actions...",
                            "emoji": true
                        },
                        "options": [
                            {
                                "text": {
                                    "type": "plain_text",
                                    "text": "Watch",
                                    "emoji": true
                                },
                                "value": "watch"
                            },
                            {
                                "text": {
                                    "type": "plain_text",
                                    "text": "Comment",
                                    "emoji": true
                                },
                                "value": "comment"
                            },
                            {
                                "text": {
                                    "type": "plain_text",
                                    "text": "Assign",
                                    "emoji": true
                                },
                                "value": "assign"
                            },
                            {
                                "text": {
                                    "type": "plain_text",
                                    "text": "Why am I seeing this?",
                                    "emoji": true
                                },
                                "value": "why"
                            },
                            {
                                "text": {
                                    "type": "plain_text",
                                    "text": ":tada: Give kudos",
                                    "emoji": true
                                },
                                "value": "kudos"
                            }
                        ]
                    }
                ]
            }
        ],
        "team": "T03NAQR6PR8",
        "bot_profile": {
            "id": "B04BPLD25A4",
            "app_id": "A2RPP3NFR",
            "name": "Jira Cloud",
            "icons": {
                "image_36": "https:\/\/avatars.slack-edge.com\/2018-11-30\/493753869479_4b703f4119efe3d7d0ff_36.png",
                "image_48": "https:\/\/avatars.slack-edge.com\/2018-11-30\/493753869479_4b703f4119efe3d7d0ff_48.png",
                "image_72": "https:\/\/avatars.slack-edge.com\/2018-11-30\/493753869479_4b703f4119efe3d7d0ff_72.png"
            },
            "deleted": false,
            "updated": 1668518243,
            "team_id": "T03NAQR6PR8"
        }
    },
    {
        "bot_id": "B04BPLD25A4",
        "type": "message",
        "text": "Ilirijan Residovski updated the Rank FEPI-119 Create a Tournament",
        "user": "U04AKD70TUP",
        "ts": "1681223216.172099",
        "app_id": "A2RPP3NFR",
        "blocks": [
            {
                "type": "section",
                "block_id": "cin:ih:10592::e958a4a0d87411ed8c996db42df7b37e",
                "text": {
                    "type": "mrkdwn",
                    "text": "*Ilirijan Residovski updated the Rank of a Story*\n*<https:\/\/telos-labs.atlassian.net\/browse\/FEPI-119?atlOrigin=eyJpIjoiY2EwOWExY2M5YzQ2NGI0ZjhjNzJmYzNiNWIyMWQ0ZWMiLCJwIjoiamlyYS1zbGFjay1pbnQifQ|FEPI-119 Create a Tournament>*\nAs an admin I want to to create a tournament",
                    "verbatim": false
                }
            },
            {
                "type": "context",
                "block_id": ":cx:10592::e958a4a1d87411ed8c996db42df7b37e",
                "elements": [
                    {
                        "type": "mrkdwn",
                        "text": "Status: *In Progress*",
                        "verbatim": false
                    },
                    {
                        "type": "image",
                        "image_url": "https:\/\/product-integrations-cdn.atl-paas.net\/jira-issuetype\/story.png",
                        "alt_text": "Story"
                    },
                    {
                        "type": "mrkdwn",
                        "text": "Type: *Story*",
                        "verbatim": false
                    },
                    {
                        "type": "image",
                        "image_url": "https:\/\/secure.gravatar.com\/avatar\/2a66a4ad78df510cbb48f1a83d3cce5e?d=https%3A%2F%2Fproduct-integrations-cdn.atl-paas.net%2Ficons%2Funknown-user.png",
                        "alt_text": "Ilirijan Residovski"
                    },
                    {
                        "type": "mrkdwn",
                        "text": "Assignee: *Ilirijan Residovski*",
                        "verbatim": false
                    },
                    {
                        "type": "image",
                        "image_url": "https:\/\/product-integrations-cdn.atl-paas.net\/jira-priority\/medium.png",
                        "alt_text": "Medium"
                    },
                    {
                        "type": "mrkdwn",
                        "text": "Priority: *Medium*",
                        "verbatim": false
                    }
                ]
            },
            {
                "type": "actions",
                "block_id": "cin:issueFooterActions:10592::e958a4a2d87411ed8c996db42df7b37e",
                "elements": [
                    {
                        "type": "button",
                        "action_id": "{\"issueId\":\"10592\",\"instanceId\":\"807bc847-920e-3dd5-ab0c-2fe7ce8c3b42\",\"projectId\":\"10003\",\"action\":\"comment\",\"nType\":\"ISSUE_UPDATED\",\"nPlace\":\"main\"}",
                        "text": {
                            "type": "plain_text",
                            "text": "Comment",
                            "emoji": true
                        },
                        "value": "comment"
                    },
                    {
                        "type": "button",
                        "action_id": "{\"issueId\":\"10592\",\"instanceId\":\"807bc847-920e-3dd5-ab0c-2fe7ce8c3b42\",\"projectId\":\"10003\",\"action\":\"transition\",\"nType\":\"ISSUE_UPDATED\",\"nPlace\":\"main\"}",
                        "text": {
                            "type": "plain_text",
                            "text": "Transition",
                            "emoji": true
                        },
                        "value": "transition"
                    },
                    {
                        "type": "static_select",
                        "action_id": "{\"issueId\":\"10592\",\"instanceId\":\"807bc847-920e-3dd5-ab0c-2fe7ce8c3b42\",\"projectId\":\"10003\",\"nType\":\"ISSUE_UPDATED\",\"nPlace\":\"menu\"}",
                        "placeholder": {
                            "type": "plain_text",
                            "text": "More actions...",
                            "emoji": true
                        },
                        "options": [
                            {
                                "text": {
                                    "type": "plain_text",
                                    "text": "Watch",
                                    "emoji": true
                                },
                                "value": "watch"
                            },
                            {
                                "text": {
                                    "type": "plain_text",
                                    "text": "Assign",
                                    "emoji": true
                                },
                                "value": "assign"
                            },
                            {
                                "text": {
                                    "type": "plain_text",
                                    "text": "Why am I seeing this?",
                                    "emoji": true
                                },
                                "value": "why"
                            },
                            {
                                "text": {
                                    "type": "plain_text",
                                    "text": ":tada: Give kudos",
                                    "emoji": true
                                },
                                "value": "kudos"
                            }
                        ]
                    }
                ]
            }
        ],
        "team": "T03NAQR6PR8",
        "bot_profile": {
            "id": "B04BPLD25A4",
            "app_id": "A2RPP3NFR",
            "name": "Jira Cloud",
            "icons": {
                "image_36": "https:\/\/avatars.slack-edge.com\/2018-11-30\/493753869479_4b703f4119efe3d7d0ff_36.png",
                "image_48": "https:\/\/avatars.slack-edge.com\/2018-11-30\/493753869479_4b703f4119efe3d7d0ff_48.png",
                "image_72": "https:\/\/avatars.slack-edge.com\/2018-11-30\/493753869479_4b703f4119efe3d7d0ff_72.png"
            },
            "deleted": false,
            "updated": 1668518243,
            "team_id": "T03NAQR6PR8"
        }
    },
    {
        "bot_id": "B04BPLD25A4",
        "type": "message",
        "text": "Ilirijan Residovski updated the Rank FEPI-119 Create a Tournament",
        "user": "U04AKD70TUP",
        "ts": "1681223752.017159",
        "app_id": "A2RPP3NFR",
        "blocks": [
            {
                "type": "section",
                "block_id": "cin:ih:10592::28bb2f90d87611edb3afb53d4ff21e9a",
                "text": {
                    "type": "mrkdwn",
                    "text": "*Ilirijan Residovski updated the Rank of a Story*\n*<https:\/\/telos-labs.atlassian.net\/browse\/FEPI-119?atlOrigin=eyJpIjoiNzhlMWZjM2I0M2IxNDg4OGJiYzExNWY1NmRiMmJhYWIiLCJwIjoiamlyYS1zbGFjay1pbnQifQ|FEPI-119 Create a Tournament>*\nAs an admin I want to to create a tournament",
                    "verbatim": false
                }
            },
            {
                "type": "context",
                "block_id": ":cx:10592::28bb2f91d87611edb3afb53d4ff21e9a",
                "elements": [
                    {
                        "type": "mrkdwn",
                        "text": "Status: *In Progress*",
                        "verbatim": false
                    },
                    {
                        "type": "image",
                        "image_url": "https:\/\/product-integrations-cdn.atl-paas.net\/jira-issuetype\/story.png",
                        "alt_text": "Story"
                    },
                    {
                        "type": "mrkdwn",
                        "text": "Type: *Story*",
                        "verbatim": false
                    },
                    {
                        "type": "image",
                        "image_url": "https:\/\/secure.gravatar.com\/avatar\/2a66a4ad78df510cbb48f1a83d3cce5e?d=https%3A%2F%2Fproduct-integrations-cdn.atl-paas.net%2Ficons%2Funknown-user.png",
                        "alt_text": "Ilirijan Residovski"
                    },
                    {
                        "type": "mrkdwn",
                        "text": "Assignee: *Ilirijan Residovski*",
                        "verbatim": false
                    },
                    {
                        "type": "image",
                        "image_url": "https:\/\/product-integrations-cdn.atl-paas.net\/jira-priority\/medium.png",
                        "alt_text": "Medium"
                    },
                    {
                        "type": "mrkdwn",
                        "text": "Priority: *Medium*",
                        "verbatim": false
                    }
                ]
            },
            {
                "type": "actions",
                "block_id": "cin:issueFooterActions:10592::28bb56a0d87611edb3afb53d4ff21e9a",
                "elements": [
                    {
                        "type": "button",
                        "action_id": "{\"issueId\":\"10592\",\"instanceId\":\"807bc847-920e-3dd5-ab0c-2fe7ce8c3b42\",\"projectId\":\"10003\",\"action\":\"comment\",\"nType\":\"ISSUE_UPDATED\",\"nPlace\":\"main\"}",
                        "text": {
                            "type": "plain_text",
                            "text": "Comment",
                            "emoji": true
                        },
                        "value": "comment"
                    },
                    {
                        "type": "button",
                        "action_id": "{\"issueId\":\"10592\",\"instanceId\":\"807bc847-920e-3dd5-ab0c-2fe7ce8c3b42\",\"projectId\":\"10003\",\"action\":\"transition\",\"nType\":\"ISSUE_UPDATED\",\"nPlace\":\"main\"}",
                        "text": {
                            "type": "plain_text",
                            "text": "Transition",
                            "emoji": true
                        },
                        "value": "transition"
                    },
                    {
                        "type": "static_select",
                        "action_id": "{\"issueId\":\"10592\",\"instanceId\":\"807bc847-920e-3dd5-ab0c-2fe7ce8c3b42\",\"projectId\":\"10003\",\"nType\":\"ISSUE_UPDATED\",\"nPlace\":\"menu\"}",
                        "placeholder": {
                            "type": "plain_text",
                            "text": "More actions...",
                            "emoji": true
                        },
                        "options": [
                            {
                                "text": {
                                    "type": "plain_text",
                                    "text": "Watch",
                                    "emoji": true
                                },
                                "value": "watch"
                            },
                            {
                                "text": {
                                    "type": "plain_text",
                                    "text": "Assign",
                                    "emoji": true
                                },
                                "value": "assign"
                            },
                            {
                                "text": {
                                    "type": "plain_text",
                                    "text": "Why am I seeing this?",
                                    "emoji": true
                                },
                                "value": "why"
                            },
                            {
                                "text": {
                                    "type": "plain_text",
                                    "text": ":tada: Give kudos",
                                    "emoji": true
                                },
                                "value": "kudos"
                            }
                        ]
                    }
                ]
            }
        ],
        "team": "T03NAQR6PR8",
        "bot_profile": {
            "id": "B04BPLD25A4",
            "app_id": "A2RPP3NFR",
            "name": "Jira Cloud",
            "icons": {
                "image_36": "https:\/\/avatars.slack-edge.com\/2018-11-30\/493753869479_4b703f4119efe3d7d0ff_36.png",
                "image_48": "https:\/\/avatars.slack-edge.com\/2018-11-30\/493753869479_4b703f4119efe3d7d0ff_48.png",
                "image_72": "https:\/\/avatars.slack-edge.com\/2018-11-30\/493753869479_4b703f4119efe3d7d0ff_72.png"
            },
            "deleted": false,
            "updated": 1668518243,
            "team_id": "T03NAQR6PR8"
        }
    }
]