[
    {
        "type": "message",
        "subtype": "channel_join",
        "ts": "1675697181.419349",
        "user": "U00",
        "text": "<U00> has joined the channel",
        "team": "T03NAQR6PR8",
        "inviter": "U04CX4QDTN2"
    },
    {
        "client_msg_id": "086caa75-885b-46a0-b75b-3b44a2733696",
        "type": "message",
        "text": "Hi Il, please can you confirm if you receive this message?",
        "user": "U04CX4QDTN2",
        "ts": "1675698979.097179",
        "blocks": [
            {
                "type": "rich_text",
                "block_id": "6prd",
                "elements": [
                    {
                        "type": "rich_text_section",
                        "elements": [
                            {
                                "type": "text",
                                "text": "Hi Il, please can you confirm if you receive this message?"
                            }
                        ]
                    }
                ]
            }
        ],
        "team": "T03NAQR6PR8",
        "user_team": "T03NAQR6PR8",
        "source_team": "T03NAQR6PR8",
        "user_profile": {
            "avatar_hash": "ba98d8d4230a",
            "image_72": "https:\/\/avatars.slack-edge.com\/2023-03-30\/5033971501634_ba98d8d4230aa09641c0_72.jpg",
            "first_name": "Gezim",
            "real_name": "Gezim Veseli",
            "display_name": "Gezim Veseli",
            "team": "T03NAQR6PR8",
            "name": "gezim.veseli",
            "is_restricted": false,
            "is_ultra_restricted": false
        }
    },
    {
        "client_msg_id": "2670933b-6e29-4750-94fa-1bd780bdee21",
        "type": "message",
        "text": "<@U04CX4QDTN2> Urime!",
        "user": "U04NB32ULA0",
        "ts": "1675699019.819619",
        "blocks": [
            {
                "type": "rich_text",
                "block_id": "eD0",
                "elements": [
                    {
                        "type": "rich_text_section",
                        "elements": [
                            {
                                "type": "user",
                                "user_id": "U04CX4QDTN2"
                            },
                            {
                                "type": "text",
                                "text": " Urime!"
                            }
                        ]
                    }
                ]
            }
        ],
        "team": "T03NAQR6PR8",
        "user_team": "T04N79DBACU",
        "source_team": "T04N79DBACU",
        "user_profile": {
            "avatar_hash": "075a65d341de",
            "image_72": "https:\/\/avatars.slack-edge.com\/2023-03-27\/5011009830597_075a65d341de8705ac09_72.png",
            "first_name": "Ilirijan",
            "real_name": "Ilirijan Residovski",
            "display_name": "Ilirijan Residovski",
            "team": "T04N79DBACU",
            "name": "il.residovski",
            "is_restricted": false,
            "is_ultra_restricted": false
        },
        "reactions": [
            {
                "name": "raised_hands",
                "users": [
                    "U04CX4QDTN2"
                ],
                "count": 1
            }
        ]
    },
    {
        "client_msg_id": "1ffc60c3-2671-494a-bd21-8f8a37040d2b",
        "type": "message",
        "text": "Great!",
        "user": "U03P0HMH4LQ",
        "ts": "1675699054.642019",
        "blocks": [
            {
                "type": "rich_text",
                "block_id": "GT4n",
                "elements": [
                    {
                        "type": "rich_text_section",
                        "elements": [
                            {
                                "type": "text",
                                "text": "Great!"
                            }
                        ]
                    }
                ]
            }
        ],
        "team": "T03NAQR6PR8",
        "user_team": "T03NAQR6PR8",
        "source_team": "T03NAQR6PR8",
        "user_profile": {
            "avatar_hash": "fa5810000c4c",
            "image_72": "https:\/\/avatars.slack-edge.com\/2023-05-18\/5270653685271_fa5810000c4c67da340d_72.jpg",
            "first_name": "krenar",
            "real_name": "krenar rexh",
            "display_name": "",
            "team": "T03NAQR6PR8",
            "name": "krexhepi",
            "is_restricted": false,
            "is_ultra_restricted": false
        }
    },
    {
        "client_msg_id": "a1843c01-d56f-4b7a-a70c-8d6899dce235",
        "type": "message",
        "text": "thanks <@U04NB32ULA0> :slightly_smiling_face:",
        "user": "U04CX4QDTN2",
        "ts": "1675699074.048949",
        "blocks": [
            {
                "type": "rich_text",
                "block_id": "d81f",
                "elements": [
                    {
                        "type": "rich_text_section",
                        "elements": [
                            {
                                "type": "text",
                                "text": "thanks "
                            },
                            {
                                "type": "user",
                                "user_id": "U04NB32ULA0"
                            },
                            {
                                "type": "text",
                                "text": " "
                            },
                            {
                                "type": "emoji",
                                "name": "slightly_smiling_face",
                                "unicode": "1f642"
                            }
                        ]
                    }
                ]
            }
        ],
        "team": "T03NAQR6PR8",
        "user_team": "T03NAQR6PR8",
        "source_team": "T03NAQR6PR8",
        "user_profile": {
            "avatar_hash": "ba98d8d4230a",
            "image_72": "https:\/\/avatars.slack-edge.com\/2023-03-30\/5033971501634_ba98d8d4230aa09641c0_72.jpg",
            "first_name": "Gezim",
            "real_name": "Gezim Veseli",
            "display_name": "Gezim Veseli",
            "team": "T03NAQR6PR8",
            "name": "gezim.veseli",
            "is_restricted": false,
            "is_ultra_restricted": false
        }
    },
    {
        "type": "message",
        "subtype": "channel_join",
        "ts": "1675699275.960269",
        "user": "U00",
        "text": "<U00> has joined the channel",
        "team": "T03NAQR6PR8",
        "inviter": "U04CX4QDTN2"
    }
]