[
    {
        "bot_id": "B04BPLD25A4",
        "type": "message",
        "text": "Arlinda transitioned FEPI-119 Create a Tournament from TEST ENVIOREMENT ⟶ STAGING ENVIRONMENT (Done)",
        "user": "U04AKD70TUP",
        "ts": "1690554012.473189",
        "app_id": "A2RPP3NFR",
        "blocks": [
            {
                "type": "section",
                "block_id": "cin:ih:10592::dd5748f12d5111ee874415cb28bf3fd9",
                "text": {
                    "type": "mrkdwn",
                    "text": "*Arlinda transitioned a Story from `TEST ENVIOREMENT` ⟶ `STAGING ENVIRONMENT (Done)`*\n*<https:\/\/telos-labs.atlassian.net\/browse\/FEPI-119?atlOrigin=eyJpIjoiYzYyZDhlYmEwODNlNDliNTlhMWY2MTY2M2I1NWNkNjIiLCJwIjoiamlyYS1zbGFjay1pbnQifQ|FEPI-119 Create a Tournament>*\nAs an admin I want to to create a tournament",
                    "verbatim": false
                }
            },
            {
                "type": "context",
                "block_id": ":cx:10592::dd5748f32d5111ee874415cb28bf3fd9",
                "elements": [
                    {
                        "type": "mrkdwn",
                        "text": "Status: *STAGING ENVIRONMENT (Done)*",
                        "verbatim": false
                    },
                    {
                        "type": "image",
                        "image_url": "https:\/\/product-integrations-cdn.atl-paas.net\/jira-issuetype\/story.png",
                        "alt_text": "Story"
                    },
                    {
                        "type": "mrkdwn",
                        "text": "Type: *Story*",
                        "verbatim": false
                    },
                    {
                        "type": "image",
                        "image_url": "https:\/\/secure.gravatar.com\/avatar\/2a66a4ad78df510cbb48f1a83d3cce5e?d=https%3A%2F%2Fproduct-integrations-cdn.atl-paas.net%2Ficons%2Funknown-user.png",
                        "alt_text": "Ilirijan Residovski"
                    },
                    {
                        "type": "mrkdwn",
                        "text": "Assignee: *Ilirijan Residovski*",
                        "verbatim": false
                    },
                    {
                        "type": "image",
                        "image_url": "https:\/\/product-integrations-cdn.atl-paas.net\/jira-priority\/medium.png",
                        "alt_text": "Medium"
                    },
                    {
                        "type": "mrkdwn",
                        "text": "Priority: *Medium*",
                        "verbatim": false
                    }
                ]
            },
            {
                "type": "actions",
                "block_id": "cin:issueFooterActions:10592::dd57be202d5111ee874415cb28bf3fd9",
                "elements": [
                    {
                        "type": "button",
                        "action_id": "{\"issueId\":\"10592\",\"instanceId\":\"807bc847-920e-3dd5-ab0c-2fe7ce8c3b42\",\"projectId\":\"10003\",\"action\":\"comment\",\"nType\":\"ISSUE_TRANSITIONED\",\"nPlace\":\"main\"}",
                        "text": {
                            "type": "plain_text",
                            "text": "Comment",
                            "emoji": true
                        },
                        "value": "comment"
                    },
                    {
                        "type": "static_select",
                        "action_id": "{\"issueId\":\"10592\",\"instanceId\":\"807bc847-920e-3dd5-ab0c-2fe7ce8c3b42\",\"projectId\":\"10003\",\"nType\":\"ISSUE_TRANSITIONED\",\"nPlace\":\"menu\"}",
                        "placeholder": {
                            "type": "plain_text",
                            "text": "More actions...",
                            "emoji": true
                        },
                        "options": [
                            {
                                "text": {
                                    "type": "plain_text",
                                    "text": "Watch",
                                    "emoji": true
                                },
                                "value": "watch"
                            },
                            {
                                "text": {
                                    "type": "plain_text",
                                    "text": "Assign",
                                    "emoji": true
                                },
                                "value": "assign"
                            },
                            {
                                "text": {
                                    "type": "plain_text",
                                    "text": "Transition",
                                    "emoji": true
                                },
                                "value": "transition"
                            },
                            {
                                "text": {
                                    "type": "plain_text",
                                    "text": "Why am I seeing this?",
                                    "emoji": true
                                },
                                "value": "why"
                            },
                            {
                                "text": {
                                    "type": "plain_text",
                                    "text": ":tada: Give kudos",
                                    "emoji": true
                                },
                                "value": "kudos"
                            }
                        ]
                    }
                ]
            }
        ],
        "team": "T03NAQR6PR8",
        "bot_profile": {
            "id": "B04BPLD25A4",
            "app_id": "A2RPP3NFR",
            "name": "Jira Cloud",
            "icons": {
                "image_36": "https:\/\/avatars.slack-edge.com\/2018-11-30\/493753869479_4b703f4119efe3d7d0ff_36.png",
                "image_48": "https:\/\/avatars.slack-edge.com\/2018-11-30\/493753869479_4b703f4119efe3d7d0ff_48.png",
                "image_72": "https:\/\/avatars.slack-edge.com\/2018-11-30\/493753869479_4b703f4119efe3d7d0ff_72.png"
            },
            "deleted": false,
            "updated": 1668518243,
            "team_id": "T03NAQR6PR8"
        }
    },
    {
        "bot_id": "B04BPLD25A4",
        "type": "message",
        "text": "Arlinda updated the resolution FEPI-119 Create a Tournament",
        "user": "U04AKD70TUP",
        "ts": "1690554012.554419",
        "app_id": "A2RPP3NFR",
        "blocks": [
            {
                "type": "section",
                "block_id": "cin:ih:10592::dd57be212d5111ee874415cb28bf3fd9",
                "text": {
                    "type": "mrkdwn",
                    "text": "*Arlinda updated the resolution of a Story*\n*<https:\/\/telos-labs.atlassian.net\/browse\/FEPI-119?atlOrigin=eyJpIjoiYTYzNWYxZDNiNGVkNDZkODk4ZWZlMjg4ZDE0YjdhNzMiLCJwIjoiamlyYS1zbGFjay1pbnQifQ|FEPI-119 Create a Tournament>*\nAs an admin I want to to create a tournament",
                    "verbatim": false
                }
            },
            {
                "type": "context",
                "block_id": ":cx:10592::dd57be222d5111ee874415cb28bf3fd9",
                "elements": [
                    {
                        "type": "mrkdwn",
                        "text": "Status: *STAGING ENVIRONMENT (Done)*",
                        "verbatim": false
                    },
                    {
                        "type": "image",
                        "image_url": "https:\/\/product-integrations-cdn.atl-paas.net\/jira-issuetype\/story.png",
                        "alt_text": "Story"
                    },
                    {
                        "type": "mrkdwn",
                        "text": "Type: *Story*",
                        "verbatim": false
                    },
                    {
                        "type": "image",
                        "image_url": "https:\/\/secure.gravatar.com\/avatar\/2a66a4ad78df510cbb48f1a83d3cce5e?d=https%3A%2F%2Fproduct-integrations-cdn.atl-paas.net%2Ficons%2Funknown-user.png",
                        "alt_text": "Ilirijan Residovski"
                    },
                    {
                        "type": "mrkdwn",
                        "text": "Assignee: *Ilirijan Residovski*",
                        "verbatim": false
                    },
                    {
                        "type": "image",
                        "image_url": "https:\/\/product-integrations-cdn.atl-paas.net\/jira-priority\/medium.png",
                        "alt_text": "Medium"
                    },
                    {
                        "type": "mrkdwn",
                        "text": "Priority: *Medium*",
                        "verbatim": false
                    }
                ]
            },
            {
                "type": "actions",
                "block_id": "cin:issueFooterActions:10592::dd57be232d5111ee874415cb28bf3fd9",
                "elements": [
                    {
                        "type": "button",
                        "action_id": "{\"issueId\":\"10592\",\"instanceId\":\"807bc847-920e-3dd5-ab0c-2fe7ce8c3b42\",\"projectId\":\"10003\",\"action\":\"comment\",\"nType\":\"ISSUE_UPDATED\",\"nPlace\":\"main\"}",
                        "text": {
                            "type": "plain_text",
                            "text": "Comment",
                            "emoji": true
                        },
                        "value": "comment"
                    },
                    {
                        "type": "button",
                        "action_id": "{\"issueId\":\"10592\",\"instanceId\":\"807bc847-920e-3dd5-ab0c-2fe7ce8c3b42\",\"projectId\":\"10003\",\"action\":\"transition\",\"nType\":\"ISSUE_UPDATED\",\"nPlace\":\"main\"}",
                        "text": {
                            "type": "plain_text",
                            "text": "Transition",
                            "emoji": true
                        },
                        "value": "transition"
                    },
                    {
                        "type": "static_select",
                        "action_id": "{\"issueId\":\"10592\",\"instanceId\":\"807bc847-920e-3dd5-ab0c-2fe7ce8c3b42\",\"projectId\":\"10003\",\"nType\":\"ISSUE_UPDATED\",\"nPlace\":\"menu\"}",
                        "placeholder": {
                            "type": "plain_text",
                            "text": "More actions...",
                            "emoji": true
                        },
                        "options": [
                            {
                                "text": {
                                    "type": "plain_text",
                                    "text": "Watch",
                                    "emoji": true
                                },
                                "value": "watch"
                            },
                            {
                                "text": {
                                    "type": "plain_text",
                                    "text": "Assign",
                                    "emoji": true
                                },
                                "value": "assign"
                            },
                            {
                                "text": {
                                    "type": "plain_text",
                                    "text": "Why am I seeing this?",
                                    "emoji": true
                                },
                                "value": "why"
                            },
                            {
                                "text": {
                                    "type": "plain_text",
                                    "text": ":tada: Give kudos",
                                    "emoji": true
                                },
                                "value": "kudos"
                            }
                        ]
                    }
                ]
            }
        ],
        "team": "T03NAQR6PR8",
        "bot_profile": {
            "id": "B04BPLD25A4",
            "app_id": "A2RPP3NFR",
            "name": "Jira Cloud",
            "icons": {
                "image_36": "https:\/\/avatars.slack-edge.com\/2018-11-30\/493753869479_4b703f4119efe3d7d0ff_36.png",
                "image_48": "https:\/\/avatars.slack-edge.com\/2018-11-30\/493753869479_4b703f4119efe3d7d0ff_48.png",
                "image_72": "https:\/\/avatars.slack-edge.com\/2018-11-30\/493753869479_4b703f4119efe3d7d0ff_72.png"
            },
            "deleted": false,
            "updated": 1668518243,
            "team_id": "T03NAQR6PR8"
        }
    }
]