[
{"id":"F061F355G0J","created":1697524014,"name":"Objectives_and_Key_Results__OKRs_","title":"Objectives and Key Results (OKRs)","mimetype":"application\/vnd.slack-docs","filetype":"quip","pretty_type":"Canvas","user":"USLACKBOT","editable":true,"size":0,"mode":"quip","is_public":true,"is_tombstoned":false,"public_url_shared":false,"date_delete":0,"url_private_download":"https:\/\/files.slack.com\/files-pri\/T03NAQR6PR8-F061F355G0J\/download\/canvas?t=xoxe-3758841227858-6338573907026-6351205223169-d2d067b38c665e92ce386225ab512dc0","shares":[{"team":"T03NAQR6PR8","channel":"C03P0HMJNG0"}],"export_timestamp":1702468659},
{"id":"F061HGC57T6","created":1697524018,"name":"Employee_Benefits","title":"Employee Benefits","mimetype":"application\/vnd.slack-docs","filetype":"quip","pretty_type":"Canvas","user":"USLACKBOT","editable":true,"size":452,"mode":"quip","is_public":true,"is_tombstoned":false,"public_url_shared":false,"date_delete":0,"url_private_download":"https:\/\/files.slack.com\/files-pri\/T03NAQR6PR8-F061HGC57T6\/download\/canvas?t=xoxe-3758841227858-6338573907026-6351205223169-d2d067b38c665e92ce386225ab512dc0","shares":[{"team":"T03NAQR6PR8","channel":"C03P0HMJNG0"}],"export_timestamp":1702468659},
{"id":"F0618DP8H9U","created":1697523978,"name":"Product_Brief","title":"Product Brief","mimetype":"application\/vnd.slack-docs","filetype":"quip","pretty_type":"Canvas","user":"USLACKBOT","editable":true,"size":571,"mode":"quip","is_public":true,"is_tombstoned":false,"public_url_shared":false,"date_delete":0,"url_private_download":"https:\/\/files.slack.com\/files-pri\/T03NAQR6PR8-F0618DP8H9U\/download\/canvas?t=xoxe-3758841227858-6338573907026-6351205223169-d2d067b38c665e92ce386225ab512dc0","shares":[{"team":"T03NAQR6PR8","channel":"C03P0HMJNG0"}],"export_timestamp":1702468659},
{"id":"F061F35KN3U","created":1697524023,"name":"Shared_Resources","title":"Shared Resources","mimetype":"application\/vnd.slack-docs","filetype":"quip","pretty_type":"Canvas","user":"USLACKBOT","editable":true,"size":198,"mode":"quip","is_public":true,"is_tombstoned":false,"public_url_shared":false,"date_delete":0,"url_private_download":"https:\/\/files.slack.com\/files-pri\/T03NAQR6PR8-F061F35KN3U\/download\/canvas?t=xoxe-3758841227858-6338573907026-6351205223169-d2d067b38c665e92ce386225ab512dc0","shares":[{"team":"T03NAQR6PR8","channel":"C03P0HMJNG0"}],"export_timestamp":1702468659},
{"id":"F061TMVLDC1","created":1697523957,"name":"Employee_Onboarding","title":"Employee Onboarding","mimetype":"application\/vnd.slack-docs","filetype":"quip","pretty_type":"Canvas","user":"USLACKBOT","editable":true,"size":0,"mode":"quip","is_public":true,"is_tombstoned":false,"public_url_shared":false,"date_delete":0,"url_private_download":"https:\/\/files.slack.com\/files-pri\/T03NAQR6PR8-F061TMVLDC1\/download\/canvas?t=xoxe-3758841227858-6338573907026-6351205223169-d2d067b38c665e92ce386225ab512dc0","shares":[{"team":"T03NAQR6PR8","channel":"C03P0HMJNG0"}],"export_timestamp":1702468660},
{"id":"F061F0DBD43","created":1697524027,"name":"Agenda","title":"Agenda","mimetype":"application\/vnd.slack-docs","filetype":"quip","pretty_type":"Canvas","user":"USLACKBOT","editable":true,"size":276,"mode":"quip","is_public":true,"is_tombstoned":false,"public_url_shared":false,"date_delete":0,"url_private_download":"https:\/\/files.slack.com\/files-pri\/T03NAQR6PR8-F061F0DBD43\/download\/canvas?t=xoxe-3758841227858-6338573907026-6351205223169-d2d067b38c665e92ce386225ab512dc0","shares":[{"team":"T03NAQR6PR8","channel":"C03P0HMJNG0"}],"export_timestamp":1702468660},
{"id":"F061F0C0B4K","created":1697524002,"name":"Incident_Summary","title":"Incident Summary","mimetype":"application\/vnd.slack-docs","filetype":"quip","pretty_type":"Canvas","user":"USLACKBOT","editable":true,"size":579,"mode":"quip","is_public":true,"is_tombstoned":false,"public_url_shared":false,"date_delete":0,"url_private_download":"https:\/\/files.slack.com\/files-pri\/T03NAQR6PR8-F061F0C0B4K\/download\/canvas?t=xoxe-3758841227858-6338573907026-6351205223169-d2d067b38c665e92ce386225ab512dc0","shares":[{"team":"T03NAQR6PR8","channel":"C03P0HMJNG0"}],"export_timestamp":1702468660},
{"id":"F061F0BN5GB","created":1697523997,"name":"Technical_Specifications","title":"Technical Specifications","mimetype":"application\/vnd.slack-docs","filetype":"quip","pretty_type":"Canvas","user":"USLACKBOT","editable":true,"size":748,"mode":"quip","is_public":true,"is_tombstoned":false,"public_url_shared":false,"date_delete":0,"url_private_download":"https:\/\/files.slack.com\/files-pri\/T03NAQR6PR8-F061F0BN5GB\/download\/canvas?t=xoxe-3758841227858-6338573907026-6351205223169-d2d067b38c665e92ce386225ab512dc0","shares":[{"team":"T03NAQR6PR8","channel":"C03P0HMJNG0"}],"export_timestamp":1702468660},
{"id":"F061TMXNRMF","created":1697523993,"name":"Out_of_Office_Coverage_Plan","title":"Out of Office Coverage Plan","mimetype":"application\/vnd.slack-docs","filetype":"quip","pretty_type":"Canvas","user":"USLACKBOT","editable":true,"size":721,"mode":"quip","is_public":true,"is_tombstoned":false,"public_url_shared":false,"date_delete":0,"url_private_download":"https:\/\/files.slack.com\/files-pri\/T03NAQR6PR8-F061TMXNRMF\/download\/canvas?t=xoxe-3758841227858-6338573907026-6351205223169-d2d067b38c665e92ce386225ab512dc0","shares":[{"team":"T03NAQR6PR8","channel":"C03P0HMJNG0"}],"export_timestamp":1702468660},
{"id":"F061C5EKF0D","created":1697523969,"name":"Channel_Overview","title":"Channel Overview","mimetype":"application\/vnd.slack-docs","filetype":"quip","pretty_type":"Canvas","user":"USLACKBOT","editable":true,"size":0,"mode":"quip","is_public":true,"is_tombstoned":false,"public_url_shared":false,"date_delete":0,"url_private_download":"https:\/\/files.slack.com\/files-pri\/T03NAQR6PR8-F061C5EKF0D\/download\/canvas?t=xoxe-3758841227858-6338573907026-6351205223169-d2d067b38c665e92ce386225ab512dc0","shares":[{"team":"T03NAQR6PR8","channel":"C03P0HMJNG0"}],"export_timestamp":1702468660},
{"id":"F06242YV89W","created":1697524009,"name":"Event_Planning","title":"Event Planning","mimetype":"application\/vnd.slack-docs","filetype":"quip","pretty_type":"Canvas","user":"USLACKBOT","editable":true,"size":176,"mode":"quip","is_public":true,"is_tombstoned":false,"public_url_shared":false,"date_delete":0,"url_private_download":"https:\/\/files.slack.com\/files-pri\/T03NAQR6PR8-F06242YV89W\/download\/canvas?t=xoxe-3758841227858-6338573907026-6351205223169-d2d067b38c665e92ce386225ab512dc0","shares":[{"team":"T03NAQR6PR8","channel":"C03P0HMJNG0"}],"export_timestamp":1702468660},
{"id":"F0610GTBCGP","created":1697523988,"name":"Sales_Enablement_Hub","title":"Sales Enablement Hub","mimetype":"application\/vnd.slack-docs","filetype":"quip","pretty_type":"Canvas","user":"USLACKBOT","editable":true,"size":653,"mode":"quip","is_public":true,"is_tombstoned":false,"public_url_shared":false,"date_delete":0,"url_private_download":"https:\/\/files.slack.com\/files-pri\/T03NAQR6PR8-F0610GTBCGP\/download\/canvas?t=xoxe-3758841227858-6338573907026-6351205223169-d2d067b38c665e92ce386225ab512dc0","shares":[{"team":"T03NAQR6PR8","channel":"C03P0HMJNG0"}],"export_timestamp":1702468660},
{"id":"F061F33B63U","created":1697523983,"name":"Marketing_Project_Outline","title":"Marketing Project Outline","mimetype":"application\/vnd.slack-docs","filetype":"quip","pretty_type":"Canvas","user":"USLACKBOT","editable":true,"size":501,"mode":"quip","is_public":true,"is_tombstoned":false,"public_url_shared":false,"date_delete":0,"url_private_download":"https:\/\/files.slack.com\/files-pri\/T03NAQR6PR8-F061F33B63U\/download\/canvas?t=xoxe-3758841227858-6338573907026-6351205223169-d2d067b38c665e92ce386225ab512dc0","shares":[{"team":"T03NAQR6PR8","channel":"C03P0HMJNG0"}],"export_timestamp":1702468660},
{"id":"F0618DNV0MU","created":1697523973,"name":"Weekly_Sync","title":"Weekly Sync","mimetype":"application\/vnd.slack-docs","filetype":"quip","pretty_type":"Canvas","user":"USLACKBOT","editable":true,"size":374,"mode":"quip","is_public":true,"is_tombstoned":false,"public_url_shared":false,"date_delete":0,"url_private_download":"https:\/\/files.slack.com\/files-pri\/T03NAQR6PR8-F0618DNV0MU\/download\/canvas?t=xoxe-3758841227858-6338573907026-6351205223169-d2d067b38c665e92ce386225ab512dc0","shares":[{"team":"T03NAQR6PR8","channel":"C03P0HMJNG0"}],"export_timestamp":1702468660},
{"id":"F061C5EBKKP","created":1697523964,"name":"Monthly_Newsletter","title":"Monthly Newsletter","mimetype":"application\/vnd.slack-docs","filetype":"quip","pretty_type":"Canvas","user":"USLACKBOT","editable":true,"size":0,"mode":"quip","is_public":true,"is_tombstoned":false,"public_url_shared":false,"date_delete":0,"url_private_download":"https:\/\/files.slack.com\/files-pri\/T03NAQR6PR8-F061C5EBKKP\/download\/canvas?t=xoxe-3758841227858-6338573907026-6351205223169-d2d067b38c665e92ce386225ab512dc0","shares":[{"team":"T03NAQR6PR8","channel":"C03P0HMJNG0"}],"export_timestamp":1702468660}
]