[
{
    "id": "C03N476QB0E",
    "name": "random",
    "created": 1657011266,
    "creator": "U03P0HMH4LQ",
    "is_archived": false,
    "is_general": false,
    "members": [
        "U03P0HMH4LQ",
        "U041LTWJDSB",
        "U041V069L1L",
        "U044H5MPPPH",
        "U044VF4UW1H",
        "U045K1LCHQQ",
        "U045RM9FU31",
        "U0466HDT0M9",
        "U04CX4QDTN2",
        "U04EXGN68FN",
        "U04MWCLPK6H",
        "U04MWCP2VU5",
        "U04NVKW5QR0",
        "U04TMHGNE9F",
        "U052QSE4CKY",
        "U05Q8DDCKF0"
    ],
    "topic": {
        "value": "",
        "creator": "",
        "last_set": 0
    },
    "purpose": {
        "value": "This channel is for... well, everything else. It’s a place for team jokes, spur-of-the-moment ideas, and funny GIFs. Go wild!",
        "creator": "U03P0HMH4LQ",
        "last_set": 1657011266
    }
},
{
    "id": "C03N7TVGJTF",
    "name": "internship-and-traning-with-project-teams",
    "created": 1657011545,
    "creator": "U03P0HMH4LQ",
    "is_archived": false,
    "is_general": false,
    "members": [
        "U03P0HMH4LQ",
        "U041LTWJDSB",
        "U041V069L1L",
        "U044H5MPPPH",
        "U044VF4UW1H",
        "U045K1LCHQQ",
        "U045RM9FU31",
        "U0466HDT0M9",
        "U04CX4QDTN2",
        "U04EXGN68FN",
        "U04MWCLPK6H",
        "U04MWCP2VU5",
        "U04NVKW5QR0",
        "U04TMHGNE9F",
        "U052QSE4CKY",
        "U05Q8DDCKF0"
    ],
    "topic": {
        "value": "",
        "creator": "",
        "last_set": 0
    },
    "purpose": {
        "value": "This *channel* is for working on a project. Hold meetings, share docs, and make decisions together with your team.",
        "creator": "U03P0HMH4LQ",
        "last_set": 1657011545
    }
},
{
    "id": "C03P0HMJNG0",
    "name": "general",
    "created": 1657011266,
    "creator": "U03P0HMH4LQ",
    "is_archived": false,
    "is_general": true,
    "members": [
        "U03P0HMH4LQ",
        "U041LTWJDSB",
        "U041V069L1L",
        "U044H5MPPPH",
        "U044VF4UW1H",
        "U045K1LCHQQ",
        "U045RM9FU31",
        "U0466HDT0M9",
        "U04CX4QDTN2",
        "U04EXGN68FN",
        "U04J6L5MVNE",
        "U04MSNNEFFG",
        "U04MWCLPK6H",
        "U04MWCP2VU5",
        "U04NVKW5QR0",
        "U04TMHGNE9F",
        "U052QSE4CKY",
        "U05Q8DDCKF0"
    ],
    "topic": {
        "value": "",
        "creator": "",
        "last_set": 0
    },
    "purpose": {
        "value": "This is the one channel that will always include everyone. It’s a great spot for announcements and team-wide conversations.",
        "creator": "U03P0HMH4LQ",
        "last_set": 1657011266
    }
},
{
    "id": "C04MY5STLBD",
    "name": "jira-task-mgmt",
    "created": 1675429774,
    "creator": "U03P0HMH4LQ",
    "is_archived": false,
    "is_general": false,
    "members": [],
    "topic": {
        "value": "",
        "creator": "",
        "last_set": 0
    },
    "purpose": {
        "value": "",
        "creator": "",
        "last_set": 0
    }
},
{
    "id": "C04MY64LW3D",
    "name": "jira-tickets",
    "created": 1675429923,
    "creator": "U04CX4QDTN2",
    "is_archived": false,
    "is_general": false,
    "members": [
        "U03P0HMH4LQ",
        "U041V069L1L",
        "U04AKD70TUP",
        "U04CX4QDTN2",
        "U04MSNNEFFG",
        "U04MWCLPK6H",
        "U04MWCP2VU5"
    ],
    "topic": {
        "value": "",
        "creator": "",
        "last_set": 0
    },
    "purpose": {
        "value": "",
        "creator": "",
        "last_set": 0
    }
}
]