[
{"user_id":"U052QSE4CKY","user_name":"bleron","date":1692359680,"change_type":"updated","service_id":5765551818132,"service_type":"Giphy","scope":"commands"},
{"user_id":"U052QSE4CKY","user_name":"bleron","date":1692359674,"change_type":"added","service_id":5765551818132,"service_type":"Giphy","scope":"commands"},
{"user_id":"U03P0HMH4LQ","user_name":"krexhepi","date":1675867410,"change_type":"added","app_type":"Jira Cloud","app_id":"A2RPP3NFR","scope":"identify,channels:read,groups:read,im:read,mpim:read,channels:write,groups:write,links:read,links:write"},
{"user_id":"U04CX4QDTN2","user_name":"gezim.veseli","date":1675429660,"change_type":"expanded","app_type":"Jira Cloud","app_id":"A2RPP3NFR"},
{"user_id":"U04CX4QDTN2","user_name":"gezim.veseli","date":1675429659,"change_type":"added","app_type":"Jira Cloud","app_id":"A2RPP3NFR","scope":"identify,channels:read,groups:read,im:read,mpim:read,channels:write,groups:write,links:read,links:write"},
{"user_id":"U041V069L1L","user_name":"kreshnik.gashi","date":1668518244,"change_type":"added","app_type":"Jira Cloud","app_id":"A2RPP3NFR"},
{"user_id":"U041V069L1L","user_name":"kreshnik.gashi","date":1668518242,"change_type":"added","app_type":"Jira Cloud","app_id":"A2RPP3NFR","scope":"identify,channels:read,groups:read,im:read,mpim:read,channels:write,groups:write,links:read,links:write"}
]