[
{"id":"U03MW7X4S23","team_id":"T03NAQR6PR8","name":"deactivateduser418156","deleted":true,"profile":{"title":"","phone":"","skype":"","real_name":"Deactivated User","real_name_normalized":"Deactivated User","display_name":"deactivateduser","display_name_normalized":"deactivateduser","fields":null,"status_text":"","status_emoji":"","status_emoji_display_info":[],"status_expiration":0,"avatar_hash":"g849cc56ed76","email":"deactivateduser418156-telos-labs-workspace@slack-corp.com","huddle_state":"default_unset","huddle_state_expiration_ts":0,"first_name":"Deactivated","last_name":"User","image_24":"https:\/\/secure.gravatar.com\/avatar\/73caf26c98d411a3d582f6cb0c485b0c.jpg?s=24&d=https%3A%2F%2Fa.slack-edge.com%2Fdf10d%2Fimg%2Favatars%2Fava_0017-24.png","image_32":"https:\/\/secure.gravatar.com\/avatar\/73caf26c98d411a3d582f6cb0c485b0c.jpg?s=32&d=https%3A%2F%2Fa.slack-edge.com%2Fdf10d%2Fimg%2Favatars%2Fava_0017-32.png","image_48":"https:\/\/secure.gravatar.com\/avatar\/73caf26c98d411a3d582f6cb0c485b0c.jpg?s=48&d=https%3A%2F%2Fa.slack-edge.com%2Fdf10d%2Fimg%2Favatars%2Fava_0017-48.png","image_72":"https:\/\/secure.gravatar.com\/avatar\/73caf26c98d411a3d582f6cb0c485b0c.jpg?s=72&d=https%3A%2F%2Fa.slack-edge.com%2Fdf10d%2Fimg%2Favatars%2Fava_0017-72.png","image_192":"https:\/\/secure.gravatar.com\/avatar\/73caf26c98d411a3d582f6cb0c485b0c.jpg?s=192&d=https%3A%2F%2Fa.slack-edge.com%2Fdf10d%2Fimg%2Favatars%2Fava_0017-192.png","image_512":"https:\/\/secure.gravatar.com\/avatar\/73caf26c98d411a3d582f6cb0c485b0c.jpg?s=512&d=https%3A%2F%2Fa.slack-edge.com%2Fdf10d%2Fimg%2Favatars%2Fava_0017-512.png","status_text_canonical":"","team":"T03NAQR6PR8"},"is_bot":false,"is_app_user":false,"updated":1665573895,"is_forgotten":true},
{"id":"U03MW8D5ABZ","team_id":"T03NAQR6PR8","name":"deactivateduser772674","deleted":true,"profile":{"title":"","phone":"","skype":"","real_name":"Deactivated User","real_name_normalized":"Deactivated User","display_name":"deactivateduser","display_name_normalized":"deactivateduser","fields":null,"status_text":"","status_emoji":"","status_emoji_display_info":[],"status_expiration":0,"avatar_hash":"g849cc56ed76","email":"deactivateduser772674-telos-labs-workspace@slack-corp.com","huddle_state":"default_unset","first_name":"Deactivated","last_name":"User","image_24":"https:\/\/secure.gravatar.com\/avatar\/4b5532b92e25048ae95ae8f51592b734.jpg?s=24&d=https%3A%2F%2Fa.slack-edge.com%2Fdf10d%2Fimg%2Favatars%2Fava_0020-24.png","image_32":"https:\/\/secure.gravatar.com\/avatar\/4b5532b92e25048ae95ae8f51592b734.jpg?s=32&d=https%3A%2F%2Fa.slack-edge.com%2Fdf10d%2Fimg%2Favatars%2Fava_0020-32.png","image_48":"https:\/\/secure.gravatar.com\/avatar\/4b5532b92e25048ae95ae8f51592b734.jpg?s=48&d=https%3A%2F%2Fa.slack-edge.com%2Fdf10d%2Fimg%2Favatars%2Fava_0020-48.png","image_72":"https:\/\/secure.gravatar.com\/avatar\/4b5532b92e25048ae95ae8f51592b734.jpg?s=72&d=https%3A%2F%2Fa.slack-edge.com%2Fdf10d%2Fimg%2Favatars%2Fava_0020-72.png","image_192":"https:\/\/secure.gravatar.com\/avatar\/4b5532b92e25048ae95ae8f51592b734.jpg?s=192&d=https%3A%2F%2Fa.slack-edge.com%2Fdf10d%2Fimg%2Favatars%2Fava_0020-192.png","image_512":"https:\/\/secure.gravatar.com\/avatar\/4b5532b92e25048ae95ae8f51592b734.jpg?s=512&d=https%3A%2F%2Fa.slack-edge.com%2Fdf10d%2Fimg%2Favatars%2Fava_0020-512.png","status_text_canonical":"","team":"T03NAQR6PR8"},"is_bot":false,"is_app_user":false,"updated":1665573865,"is_forgotten":true},
{"id":"U03MWV8CWQP","team_id":"T03NAQR6PR8","name":"deactivateduser956315","deleted":true,"profile":{"title":"","phone":"","skype":"","real_name":"Deactivated User","real_name_normalized":"Deactivated User","display_name":"deactivateduser","display_name_normalized":"deactivateduser","fields":null,"status_text":"","status_emoji":"","status_emoji_display_info":[],"status_expiration":0,"avatar_hash":"g849cc56ed76","email":"deactivateduser956315-telos-labs-workspace@slack-corp.com","huddle_state":"default_unset","first_name":"Deactivated","last_name":"User","image_24":"https:\/\/secure.gravatar.com\/avatar\/c4e25b3a0c89eef475a983f337145b31.jpg?s=24&d=https%3A%2F%2Fa.slack-edge.com%2Fdf10d%2Fimg%2Favatars%2Fava_0008-24.png","image_32":"https:\/\/secure.gravatar.com\/avatar\/c4e25b3a0c89eef475a983f337145b31.jpg?s=32&d=https%3A%2F%2Fa.slack-edge.com%2Fdf10d%2Fimg%2Favatars%2Fava_0008-32.png","image_48":"https:\/\/secure.gravatar.com\/avatar\/c4e25b3a0c89eef475a983f337145b31.jpg?s=48&d=https%3A%2F%2Fa.slack-edge.com%2Fdf10d%2Fimg%2Favatars%2Fava_0008-48.png","image_72":"https:\/\/secure.gravatar.com\/avatar\/c4e25b3a0c89eef475a983f337145b31.jpg?s=72&d=https%3A%2F%2Fa.slack-edge.com%2Fdf10d%2Fimg%2Favatars%2Fava_0008-72.png","image_192":"https:\/\/secure.gravatar.com\/avatar\/c4e25b3a0c89eef475a983f337145b31.jpg?s=192&d=https%3A%2F%2Fa.slack-edge.com%2Fdf10d%2Fimg%2Favatars%2Fava_0008-192.png","image_512":"https:\/\/secure.gravatar.com\/avatar\/c4e25b3a0c89eef475a983f337145b31.jpg?s=512&d=https%3A%2F%2Fa.slack-edge.com%2Fdf10d%2Fimg%2Favatars%2Fava_0008-512.png","status_text_canonical":"","team":"T03NAQR6PR8"},"is_bot":false,"is_app_user":false,"updated":1665573823,"is_forgotten":true},
{"id":"U03N7TWK64V","team_id":"T03NAQR6PR8","name":"deactivateduser779412","deleted":true,"profile":{"title":"","phone":"","skype":"","real_name":"Deactivated User","real_name_normalized":"Deactivated User","display_name":"deactivateduser","display_name_normalized":"deactivateduser","fields":null,"status_text":"","status_emoji":"","status_emoji_display_info":[],"status_expiration":0,"avatar_hash":"g849cc56ed76","email":"deactivateduser779412-telos-labs-workspace@slack-corp.com","huddle_state":"default_unset","first_name":"Deactivated","last_name":"User","image_24":"https:\/\/secure.gravatar.com\/avatar\/0b3b5709b7e608962806e2e7216b093f.jpg?s=24&d=https%3A%2F%2Fa.slack-edge.com%2Fdf10d%2Fimg%2Favatars%2Fava_0007-24.png","image_32":"https:\/\/secure.gravatar.com\/avatar\/0b3b5709b7e608962806e2e7216b093f.jpg?s=32&d=https%3A%2F%2Fa.slack-edge.com%2Fdf10d%2Fimg%2Favatars%2Fava_0007-32.png","image_48":"https:\/\/secure.gravatar.com\/avatar\/0b3b5709b7e608962806e2e7216b093f.jpg?s=48&d=https%3A%2F%2Fa.slack-edge.com%2Fdf10d%2Fimg%2Favatars%2Fava_0007-48.png","image_72":"https:\/\/secure.gravatar.com\/avatar\/0b3b5709b7e608962806e2e7216b093f.jpg?s=72&d=https%3A%2F%2Fa.slack-edge.com%2Fdf10d%2Fimg%2Favatars%2Fava_0007-72.png","image_192":"https:\/\/secure.gravatar.com\/avatar\/0b3b5709b7e608962806e2e7216b093f.jpg?s=192&d=https%3A%2F%2Fa.slack-edge.com%2Fdf10d%2Fimg%2Favatars%2Fava_0007-192.png","image_512":"https:\/\/secure.gravatar.com\/avatar\/0b3b5709b7e608962806e2e7216b093f.jpg?s=512&d=https%3A%2F%2Fa.slack-edge.com%2Fdf10d%2Fimg%2Favatars%2Fava_0007-512.png","status_text_canonical":"","team":"T03NAQR6PR8"},"is_bot":false,"is_app_user":false,"updated":1665573699,"is_forgotten":true},
{"id":"U03N808C7DK","team_id":"T03NAQR6PR8","name":"deactivateduser415284","deleted":true,"profile":{"title":"","phone":"","skype":"","real_name":"Deactivated User","real_name_normalized":"Deactivated User","display_name":"deactivateduser","display_name_normalized":"deactivateduser","fields":null,"status_text":"","status_emoji":"","status_emoji_display_info":[],"status_expiration":0,"avatar_hash":"g849cc56ed76","email":"deactivateduser415284-telos-labs-workspace@slack-corp.com","huddle_state":"default_unset","first_name":"Deactivated","last_name":"User","image_24":"https:\/\/secure.gravatar.com\/avatar\/6594785ba238d3280b1f973ad0fc0003.jpg?s=24&d=https%3A%2F%2Fa.slack-edge.com%2Fdf10d%2Fimg%2Favatars%2Fava_0012-24.png","image_32":"https:\/\/secure.gravatar.com\/avatar\/6594785ba238d3280b1f973ad0fc0003.jpg?s=32&d=https%3A%2F%2Fa.slack-edge.com%2Fdf10d%2Fimg%2Favatars%2Fava_0012-32.png","image_48":"https:\/\/secure.gravatar.com\/avatar\/6594785ba238d3280b1f973ad0fc0003.jpg?s=48&d=https%3A%2F%2Fa.slack-edge.com%2Fdf10d%2Fimg%2Favatars%2Fava_0012-48.png","image_72":"https:\/\/secure.gravatar.com\/avatar\/6594785ba238d3280b1f973ad0fc0003.jpg?s=72&d=https%3A%2F%2Fa.slack-edge.com%2Fdf10d%2Fimg%2Favatars%2Fava_0012-72.png","image_192":"https:\/\/secure.gravatar.com\/avatar\/6594785ba238d3280b1f973ad0fc0003.jpg?s=192&d=https%3A%2F%2Fa.slack-edge.com%2Fdf10d%2Fimg%2Favatars%2Fava_0012-192.png","image_512":"https:\/\/secure.gravatar.com\/avatar\/6594785ba238d3280b1f973ad0fc0003.jpg?s=512&d=https%3A%2F%2Fa.slack-edge.com%2Fdf10d%2Fimg%2Favatars%2Fava_0012-512.png","status_text_canonical":"","team":"T03NAQR6PR8"},"is_bot":false,"is_app_user":false,"updated":1665574291,"is_forgotten":true},
{"id":"U03NARAN89G","team_id":"T03NAQR6PR8","name":"deactivateduser829263","deleted":true,"profile":{"title":"","phone":"","skype":"","real_name":"Deactivated User","real_name_normalized":"Deactivated User","display_name":"deactivateduser","display_name_normalized":"deactivateduser","fields":null,"status_text":"","status_emoji":"","status_emoji_display_info":[],"status_expiration":0,"avatar_hash":"g849cc56ed76","email":"deactivateduser829263-telos-labs-workspace@slack-corp.com","huddle_state":"default_unset","first_name":"Deactivated","last_name":"User","image_24":"https:\/\/secure.gravatar.com\/avatar\/ce2e0bfdcaf658aa6c14910624fa8b54.jpg?s=24&d=https%3A%2F%2Fa.slack-edge.com%2Fdf10d%2Fimg%2Favatars%2Fava_0025-24.png","image_32":"https:\/\/secure.gravatar.com\/avatar\/ce2e0bfdcaf658aa6c14910624fa8b54.jpg?s=32&d=https%3A%2F%2Fa.slack-edge.com%2Fdf10d%2Fimg%2Favatars%2Fava_0025-32.png","image_48":"https:\/\/secure.gravatar.com\/avatar\/ce2e0bfdcaf658aa6c14910624fa8b54.jpg?s=48&d=https%3A%2F%2Fa.slack-edge.com%2Fdf10d%2Fimg%2Favatars%2Fava_0025-48.png","image_72":"https:\/\/secure.gravatar.com\/avatar\/ce2e0bfdcaf658aa6c14910624fa8b54.jpg?s=72&d=https%3A%2F%2Fa.slack-edge.com%2Fdf10d%2Fimg%2Favatars%2Fava_0025-72.png","image_192":"https:\/\/secure.gravatar.com\/avatar\/ce2e0bfdcaf658aa6c14910624fa8b54.jpg?s=192&d=https%3A%2F%2Fa.slack-edge.com%2Fdf10d%2Fimg%2Favatars%2Fava_0025-192.png","image_512":"https:\/\/secure.gravatar.com\/avatar\/ce2e0bfdcaf658aa6c14910624fa8b54.jpg?s=512&d=https%3A%2F%2Fa.slack-edge.com%2Fdf10d%2Fimg%2Favatars%2Fava_0025-512.png","status_text_canonical":"","team":"T03NAQR6PR8"},"is_bot":false,"is_app_user":false,"updated":1665573925,"is_forgotten":true},
{"id":"U03NARB383C","team_id":"T03NAQR6PR8","name":"deactivateduser183671","deleted":true,"profile":{"title":"","phone":"","skype":"","real_name":"Deactivated User","real_name_normalized":"Deactivated User","display_name":"deactivateduser","display_name_normalized":"deactivateduser","fields":null,"status_text":"","status_emoji":"","status_emoji_display_info":[],"status_expiration":0,"avatar_hash":"g849cc56ed76","email":"deactivateduser183671-telos-labs-workspace@slack-corp.com","huddle_state":"default_unset","first_name":"Deactivated","last_name":"User","image_24":"https:\/\/secure.gravatar.com\/avatar\/3a328baf7a1da06ff45c9c4ee5b010bf.jpg?s=24&d=https%3A%2F%2Fa.slack-edge.com%2Fdf10d%2Fimg%2Favatars%2Fava_0008-24.png","image_32":"https:\/\/secure.gravatar.com\/avatar\/3a328baf7a1da06ff45c9c4ee5b010bf.jpg?s=32&d=https%3A%2F%2Fa.slack-edge.com%2Fdf10d%2Fimg%2Favatars%2Fava_0008-32.png","image_48":"https:\/\/secure.gravatar.com\/avatar\/3a328baf7a1da06ff45c9c4ee5b010bf.jpg?s=48&d=https%3A%2F%2Fa.slack-edge.com%2Fdf10d%2Fimg%2Favatars%2Fava_0008-48.png","image_72":"https:\/\/secure.gravatar.com\/avatar\/3a328baf7a1da06ff45c9c4ee5b010bf.jpg?s=72&d=https%3A%2F%2Fa.slack-edge.com%2Fdf10d%2Fimg%2Favatars%2Fava_0008-72.png","image_192":"https:\/\/secure.gravatar.com\/avatar\/3a328baf7a1da06ff45c9c4ee5b010bf.jpg?s=192&d=https%3A%2F%2Fa.slack-edge.com%2Fdf10d%2Fimg%2Favatars%2Fava_0008-192.png","image_512":"https:\/\/secure.gravatar.com\/avatar\/3a328baf7a1da06ff45c9c4ee5b010bf.jpg?s=512&d=https%3A%2F%2Fa.slack-edge.com%2Fdf10d%2Fimg%2Favatars%2Fava_0008-512.png","status_text_canonical":"","team":"T03NAQR6PR8"},"is_bot":false,"is_app_user":false,"updated":1665573877,"is_forgotten":true,"is_invited_user":true},
{"id":"U03NB0TCU4S","team_id":"T03NAQR6PR8","name":"deactivateduser452082","deleted":true,"profile":{"title":"","phone":"","skype":"","real_name":"Deactivated User","real_name_normalized":"Deactivated User","display_name":"deactivateduser","display_name_normalized":"deactivateduser","fields":null,"status_text":"","status_emoji":"","status_emoji_display_info":[],"status_expiration":0,"avatar_hash":"g849cc56ed76","email":"deactivateduser452082-telos-labs-workspace@slack-corp.com","huddle_state":"default_unset","first_name":"Deactivated","last_name":"User","image_24":"https:\/\/secure.gravatar.com\/avatar\/8fc83b35e6dc757db031d4f85368504c.jpg?s=24&d=https%3A%2F%2Fa.slack-edge.com%2Fdf10d%2Fimg%2Favatars%2Fava_0004-24.png","image_32":"https:\/\/secure.gravatar.com\/avatar\/8fc83b35e6dc757db031d4f85368504c.jpg?s=32&d=https%3A%2F%2Fa.slack-edge.com%2Fdf10d%2Fimg%2Favatars%2Fava_0004-32.png","image_48":"https:\/\/secure.gravatar.com\/avatar\/8fc83b35e6dc757db031d4f85368504c.jpg?s=48&d=https%3A%2F%2Fa.slack-edge.com%2Fdf10d%2Fimg%2Favatars%2Fava_0004-48.png","image_72":"https:\/\/secure.gravatar.com\/avatar\/8fc83b35e6dc757db031d4f85368504c.jpg?s=72&d=https%3A%2F%2Fa.slack-edge.com%2Fdf10d%2Fimg%2Favatars%2Fava_0004-72.png","image_192":"https:\/\/secure.gravatar.com\/avatar\/8fc83b35e6dc757db031d4f85368504c.jpg?s=192&d=https%3A%2F%2Fa.slack-edge.com%2Fdf10d%2Fimg%2Favatars%2Fava_0004-192.png","image_512":"https:\/\/secure.gravatar.com\/avatar\/8fc83b35e6dc757db031d4f85368504c.jpg?s=512&d=https%3A%2F%2Fa.slack-edge.com%2Fdf10d%2Fimg%2Favatars%2Fava_0004-512.png","status_text_canonical":"","team":"T03NAQR6PR8"},"is_bot":false,"is_app_user":false,"updated":1665574279,"is_forgotten":true},
{"id":"U03NBFRAE9H","team_id":"T03NAQR6PR8","name":"deactivateduser123656","deleted":true,"profile":{"title":"","phone":"","skype":"","real_name":"Deactivated User","real_name_normalized":"Deactivated User","display_name":"deactivateduser","display_name_normalized":"deactivateduser","fields":null,"status_text":"","status_emoji":"","status_emoji_display_info":[],"status_expiration":0,"avatar_hash":"g849cc56ed76","email":"deactivateduser123656-telos-labs-workspace@slack-corp.com","huddle_state":"default_unset","first_name":"Deactivated","last_name":"User","image_24":"https:\/\/secure.gravatar.com\/avatar\/d7d4ff8f92061e0abd1c0d0b1fb2efeb.jpg?s=24&d=https%3A%2F%2Fa.slack-edge.com%2Fdf10d%2Fimg%2Favatars%2Fava_0002-24.png","image_32":"https:\/\/secure.gravatar.com\/avatar\/d7d4ff8f92061e0abd1c0d0b1fb2efeb.jpg?s=32&d=https%3A%2F%2Fa.slack-edge.com%2Fdf10d%2Fimg%2Favatars%2Fava_0002-32.png","image_48":"https:\/\/secure.gravatar.com\/avatar\/d7d4ff8f92061e0abd1c0d0b1fb2efeb.jpg?s=48&d=https%3A%2F%2Fa.slack-edge.com%2Fdf10d%2Fimg%2Favatars%2Fava_0002-48.png","image_72":"https:\/\/secure.gravatar.com\/avatar\/d7d4ff8f92061e0abd1c0d0b1fb2efeb.jpg?s=72&d=https%3A%2F%2Fa.slack-edge.com%2Fdf10d%2Fimg%2Favatars%2Fava_0002-72.png","image_192":"https:\/\/secure.gravatar.com\/avatar\/d7d4ff8f92061e0abd1c0d0b1fb2efeb.jpg?s=192&d=https%3A%2F%2Fa.slack-edge.com%2Fdf10d%2Fimg%2Favatars%2Fava_0002-192.png","image_512":"https:\/\/secure.gravatar.com\/avatar\/d7d4ff8f92061e0abd1c0d0b1fb2efeb.jpg?s=512&d=https%3A%2F%2Fa.slack-edge.com%2Fdf10d%2Fimg%2Favatars%2Fava_0002-512.png","status_text_canonical":"","team":"T03NAQR6PR8"},"is_bot":false,"is_app_user":false,"updated":1665573949,"is_forgotten":true},
{"id":"U03NBH8J6KC","team_id":"T03NAQR6PR8","name":"deactivateduser605147","deleted":true,"profile":{"title":"","phone":"","skype":"","real_name":"Deactivated User","real_name_normalized":"Deactivated User","display_name":"deactivateduser","display_name_normalized":"deactivateduser","fields":null,"status_text":"","status_emoji":"","status_emoji_display_info":[],"status_expiration":0,"avatar_hash":"g849cc56ed76","email":"deactivateduser605147-telos-labs-workspace@slack-corp.com","huddle_state":"default_unset","first_name":"Deactivated","last_name":"User","image_24":"https:\/\/secure.gravatar.com\/avatar\/8221487f73df0b5400ee2e3b8412908d.jpg?s=24&d=https%3A%2F%2Fa.slack-edge.com%2Fdf10d%2Fimg%2Favatars%2Fava_0007-24.png","image_32":"https:\/\/secure.gravatar.com\/avatar\/8221487f73df0b5400ee2e3b8412908d.jpg?s=32&d=https%3A%2F%2Fa.slack-edge.com%2Fdf10d%2Fimg%2Favatars%2Fava_0007-32.png","image_48":"https:\/\/secure.gravatar.com\/avatar\/8221487f73df0b5400ee2e3b8412908d.jpg?s=48&d=https%3A%2F%2Fa.slack-edge.com%2Fdf10d%2Fimg%2Favatars%2Fava_0007-48.png","image_72":"https:\/\/secure.gravatar.com\/avatar\/8221487f73df0b5400ee2e3b8412908d.jpg?s=72&d=https%3A%2F%2Fa.slack-edge.com%2Fdf10d%2Fimg%2Favatars%2Fava_0007-72.png","image_192":"https:\/\/secure.gravatar.com\/avatar\/8221487f73df0b5400ee2e3b8412908d.jpg?s=192&d=https%3A%2F%2Fa.slack-edge.com%2Fdf10d%2Fimg%2Favatars%2Fava_0007-192.png","image_512":"https:\/\/secure.gravatar.com\/avatar\/8221487f73df0b5400ee2e3b8412908d.jpg?s=512&d=https%3A%2F%2Fa.slack-edge.com%2Fdf10d%2Fimg%2Favatars%2Fava_0007-512.png","status_text_canonical":"","team":"T03NAQR6PR8"},"is_bot":false,"is_app_user":false,"updated":1665573902,"is_forgotten":true},
{"id":"U03NE048SN8","team_id":"T03NAQR6PR8","name":"deactivateduser142122","deleted":true,"profile":{"title":"","phone":"","skype":"","real_name":"Deactivated User","real_name_normalized":"Deactivated User","display_name":"deactivateduser","display_name_normalized":"deactivateduser","fields":null,"status_text":"","status_emoji":"","status_emoji_display_info":[],"status_expiration":0,"avatar_hash":"g849cc56ed76","email":"deactivateduser142122-telos-labs-workspace@slack-corp.com","huddle_state":"default_unset","first_name":"Deactivated","last_name":"User","image_24":"https:\/\/secure.gravatar.com\/avatar\/cfb7a802b36a448d8a926ac4980c110c.jpg?s=24&d=https%3A%2F%2Fa.slack-edge.com%2Fdf10d%2Fimg%2Favatars%2Fava_0001-24.png","image_32":"https:\/\/secure.gravatar.com\/avatar\/cfb7a802b36a448d8a926ac4980c110c.jpg?s=32&d=https%3A%2F%2Fa.slack-edge.com%2Fdf10d%2Fimg%2Favatars%2Fava_0001-32.png","image_48":"https:\/\/secure.gravatar.com\/avatar\/cfb7a802b36a448d8a926ac4980c110c.jpg?s=48&d=https%3A%2F%2Fa.slack-edge.com%2Fdf10d%2Fimg%2Favatars%2Fava_0001-48.png","image_72":"https:\/\/secure.gravatar.com\/avatar\/cfb7a802b36a448d8a926ac4980c110c.jpg?s=72&d=https%3A%2F%2Fa.slack-edge.com%2Fdf10d%2Fimg%2Favatars%2Fava_0001-72.png","image_192":"https:\/\/secure.gravatar.com\/avatar\/cfb7a802b36a448d8a926ac4980c110c.jpg?s=192&d=https%3A%2F%2Fa.slack-edge.com%2Fdf10d%2Fimg%2Favatars%2Fava_0001-192.png","image_512":"https:\/\/secure.gravatar.com\/avatar\/cfb7a802b36a448d8a926ac4980c110c.jpg?s=512&d=https%3A%2F%2Fa.slack-edge.com%2Fdf10d%2Fimg%2Favatars%2Fava_0001-512.png","status_text_canonical":"","team":"T03NAQR6PR8"},"is_bot":false,"is_app_user":false,"updated":1665573888,"is_forgotten":true},
{"id":"U03NQ6Z9V6D","team_id":"T03NAQR6PR8","name":"deactivateduser757581","deleted":true,"profile":{"title":"","phone":"","skype":"","real_name":"Deactivated User","real_name_normalized":"Deactivated User","display_name":"deactivateduser","display_name_normalized":"deactivateduser","fields":null,"status_text":"","status_emoji":"","status_emoji_display_info":[],"status_expiration":0,"avatar_hash":"g849cc56ed76","email":"deactivateduser757581-telos-labs-workspace@slack-corp.com","huddle_state":"default_unset","first_name":"Deactivated","last_name":"User","image_24":"https:\/\/secure.gravatar.com\/avatar\/53a2d8765f770f8a21e82bcaab6dbab2.jpg?s=24&d=https%3A%2F%2Fa.slack-edge.com%2Fdf10d%2Fimg%2Favatars%2Fava_0012-24.png","image_32":"https:\/\/secure.gravatar.com\/avatar\/53a2d8765f770f8a21e82bcaab6dbab2.jpg?s=32&d=https%3A%2F%2Fa.slack-edge.com%2Fdf10d%2Fimg%2Favatars%2Fava_0012-32.png","image_48":"https:\/\/secure.gravatar.com\/avatar\/53a2d8765f770f8a21e82bcaab6dbab2.jpg?s=48&d=https%3A%2F%2Fa.slack-edge.com%2Fdf10d%2Fimg%2Favatars%2Fava_0012-48.png","image_72":"https:\/\/secure.gravatar.com\/avatar\/53a2d8765f770f8a21e82bcaab6dbab2.jpg?s=72&d=https%3A%2F%2Fa.slack-edge.com%2Fdf10d%2Fimg%2Favatars%2Fava_0012-72.png","image_192":"https:\/\/secure.gravatar.com\/avatar\/53a2d8765f770f8a21e82bcaab6dbab2.jpg?s=192&d=https%3A%2F%2Fa.slack-edge.com%2Fdf10d%2Fimg%2Favatars%2Fava_0012-192.png","image_512":"https:\/\/secure.gravatar.com\/avatar\/53a2d8765f770f8a21e82bcaab6dbab2.jpg?s=512&d=https%3A%2F%2Fa.slack-edge.com%2Fdf10d%2Fimg%2Favatars%2Fava_0012-512.png","status_text_canonical":"","team":"T03NAQR6PR8"},"is_bot":false,"is_app_user":false,"updated":1665573830,"is_forgotten":true},
{"id":"U03NUGKE71P","team_id":"T03NAQR6PR8","name":"deactivateduser48386","deleted":true,"profile":{"title":"","phone":"","skype":"","real_name":"Deactivated User","real_name_normalized":"Deactivated User","display_name":"deactivateduser","display_name_normalized":"deactivateduser","fields":null,"status_text":"","status_emoji":"","status_emoji_display_info":[],"status_expiration":0,"avatar_hash":"g849cc56ed76","email":"deactivateduser48386-telos-labs-workspace@slack-corp.com","huddle_state":"default_unset","first_name":"Deactivated","last_name":"User","image_24":"https:\/\/secure.gravatar.com\/avatar\/87adf4dda2bf7ab58e55edb278281bda.jpg?s=24&d=https%3A%2F%2Fa.slack-edge.com%2Fdf10d%2Fimg%2Favatars%2Fava_0000-24.png","image_32":"https:\/\/secure.gravatar.com\/avatar\/87adf4dda2bf7ab58e55edb278281bda.jpg?s=32&d=https%3A%2F%2Fa.slack-edge.com%2Fdf10d%2Fimg%2Favatars%2Fava_0000-32.png","image_48":"https:\/\/secure.gravatar.com\/avatar\/87adf4dda2bf7ab58e55edb278281bda.jpg?s=48&d=https%3A%2F%2Fa.slack-edge.com%2Fdf10d%2Fimg%2Favatars%2Fava_0000-48.png","image_72":"https:\/\/secure.gravatar.com\/avatar\/87adf4dda2bf7ab58e55edb278281bda.jpg?s=72&d=https%3A%2F%2Fa.slack-edge.com%2Fdf10d%2Fimg%2Favatars%2Fava_0000-72.png","image_192":"https:\/\/secure.gravatar.com\/avatar\/87adf4dda2bf7ab58e55edb278281bda.jpg?s=192&d=https%3A%2F%2Fa.slack-edge.com%2Fdf10d%2Fimg%2Favatars%2Fava_0000-192.png","image_512":"https:\/\/secure.gravatar.com\/avatar\/87adf4dda2bf7ab58e55edb278281bda.jpg?s=512&d=https%3A%2F%2Fa.slack-edge.com%2Fdf10d%2Fimg%2Favatars%2Fava_0000-512.png","status_text_canonical":"","team":"T03NAQR6PR8"},"is_bot":false,"is_app_user":false,"updated":1665573883,"is_forgotten":true},
{"id":"U03P0HMH4LQ","team_id":"T03NAQR6PR8","name":"krexhepi","deleted":false,"color":"9f69e7","real_name":"krenar rexh","tz":"Europe\/Warsaw","tz_label":"Central European Time","tz_offset":3600,"profile":{"title":"","phone":"","skype":"","real_name":"krenar rexh","real_name_normalized":"krenar rexh","display_name":"","display_name_normalized":"","fields":{},"status_text":"","status_emoji":"","status_emoji_display_info":[],"status_expiration":0,"avatar_hash":"fa5810000c4c","image_original":"https:\/\/avatars.slack-edge.com\/2023-05-18\/5270653685271_fa5810000c4c67da340d_original.jpg","is_custom_image":true,"email":"krexhepi@telos-labs.com","huddle_state":"default_unset","huddle_state_expiration_ts":0,"first_name":"krenar","last_name":"rexh","image_24":"https:\/\/avatars.slack-edge.com\/2023-05-18\/5270653685271_fa5810000c4c67da340d_24.jpg","image_32":"https:\/\/avatars.slack-edge.com\/2023-05-18\/5270653685271_fa5810000c4c67da340d_32.jpg","image_48":"https:\/\/avatars.slack-edge.com\/2023-05-18\/5270653685271_fa5810000c4c67da340d_48.jpg","image_72":"https:\/\/avatars.slack-edge.com\/2023-05-18\/5270653685271_fa5810000c4c67da340d_72.jpg","image_192":"https:\/\/avatars.slack-edge.com\/2023-05-18\/5270653685271_fa5810000c4c67da340d_192.jpg","image_512":"https:\/\/avatars.slack-edge.com\/2023-05-18\/5270653685271_fa5810000c4c67da340d_512.jpg","image_1024":"https:\/\/avatars.slack-edge.com\/2023-05-18\/5270653685271_fa5810000c4c67da340d_1024.jpg","status_text_canonical":"","team":"T03NAQR6PR8"},"is_admin":true,"is_owner":true,"is_primary_owner":true,"is_restricted":false,"is_ultra_restricted":false,"is_bot":false,"is_app_user":false,"updated":1702467314,"is_email_confirmed":true,"who_can_share_contact_card":"EVERYONE"},
{"id":"U03P0KKQNKS","team_id":"T03NAQR6PR8","name":"deactivateduser350260","deleted":true,"profile":{"title":"","phone":"","skype":"","real_name":"Deactivated User","real_name_normalized":"Deactivated User","display_name":"deactivateduser","display_name_normalized":"deactivateduser","fields":null,"status_text":"","status_emoji":"","status_emoji_display_info":[],"status_expiration":0,"avatar_hash":"g849cc56ed76","email":"deactivateduser350260-telos-labs-workspace@slack-corp.com","huddle_state":"default_unset","first_name":"Deactivated","last_name":"User","image_24":"https:\/\/secure.gravatar.com\/avatar\/6bd833b637608842d7c01e9992e51ee1.jpg?s=24&d=https%3A%2F%2Fa.slack-edge.com%2Fdf10d%2Fimg%2Favatars%2Fava_0025-24.png","image_32":"https:\/\/secure.gravatar.com\/avatar\/6bd833b637608842d7c01e9992e51ee1.jpg?s=32&d=https%3A%2F%2Fa.slack-edge.com%2Fdf10d%2Fimg%2Favatars%2Fava_0025-32.png","image_48":"https:\/\/secure.gravatar.com\/avatar\/6bd833b637608842d7c01e9992e51ee1.jpg?s=48&d=https%3A%2F%2Fa.slack-edge.com%2Fdf10d%2Fimg%2Favatars%2Fava_0025-48.png","image_72":"https:\/\/secure.gravatar.com\/avatar\/6bd833b637608842d7c01e9992e51ee1.jpg?s=72&d=https%3A%2F%2Fa.slack-edge.com%2Fdf10d%2Fimg%2Favatars%2Fava_0025-72.png","image_192":"https:\/\/secure.gravatar.com\/avatar\/6bd833b637608842d7c01e9992e51ee1.jpg?s=192&d=https%3A%2F%2Fa.slack-edge.com%2Fdf10d%2Fimg%2Favatars%2Fava_0025-192.png","image_512":"https:\/\/secure.gravatar.com\/avatar\/6bd833b637608842d7c01e9992e51ee1.jpg?s=512&d=https%3A%2F%2Fa.slack-edge.com%2Fdf10d%2Fimg%2Favatars%2Fava_0025-512.png","status_text_canonical":"","team":"T03NAQR6PR8"},"is_bot":false,"is_app_user":false,"updated":1665573871,"is_forgotten":true},
{"id":"U03P2LGGA07","team_id":"T03NAQR6PR8","name":"deactivateduser749485","deleted":true,"profile":{"title":"","phone":"","skype":"","real_name":"Deactivated User","real_name_normalized":"Deactivated User","display_name":"deactivateduser","display_name_normalized":"deactivateduser","fields":null,"status_text":"","status_emoji":"","status_emoji_display_info":[],"status_expiration":0,"avatar_hash":"g849cc56ed76","email":"deactivateduser749485-telos-labs-workspace@slack-corp.com","huddle_state":"default_unset","first_name":"Deactivated","last_name":"User","image_24":"https:\/\/secure.gravatar.com\/avatar\/38edf1a725810e5b4287c118ac8d756e.jpg?s=24&d=https%3A%2F%2Fa.slack-edge.com%2Fdf10d%2Fimg%2Favatars%2Fava_0021-24.png","image_32":"https:\/\/secure.gravatar.com\/avatar\/38edf1a725810e5b4287c118ac8d756e.jpg?s=32&d=https%3A%2F%2Fa.slack-edge.com%2Fdf10d%2Fimg%2Favatars%2Fava_0021-32.png","image_48":"https:\/\/secure.gravatar.com\/avatar\/38edf1a725810e5b4287c118ac8d756e.jpg?s=48&d=https%3A%2F%2Fa.slack-edge.com%2Fdf10d%2Fimg%2Favatars%2Fava_0021-48.png","image_72":"https:\/\/secure.gravatar.com\/avatar\/38edf1a725810e5b4287c118ac8d756e.jpg?s=72&d=https%3A%2F%2Fa.slack-edge.com%2Fdf10d%2Fimg%2Favatars%2Fava_0021-72.png","image_192":"https:\/\/secure.gravatar.com\/avatar\/38edf1a725810e5b4287c118ac8d756e.jpg?s=192&d=https%3A%2F%2Fa.slack-edge.com%2Fdf10d%2Fimg%2Favatars%2Fava_0021-192.png","image_512":"https:\/\/secure.gravatar.com\/avatar\/38edf1a725810e5b4287c118ac8d756e.jpg?s=512&d=https%3A%2F%2Fa.slack-edge.com%2Fdf10d%2Fimg%2Favatars%2Fava_0021-512.png","status_text_canonical":"","team":"T03NAQR6PR8"},"is_bot":false,"is_app_user":false,"updated":1665573735,"is_forgotten":true,"is_invited_user":true},
{"id":"U03P6146UR1","team_id":"T03NAQR6PR8","name":"ejetishi","deleted":true,"profile":{"title":"","phone":"","skype":"","real_name":"Enis Jetishi","real_name_normalized":"Enis Jetishi","display_name":"Enis Jetishi","display_name_normalized":"Enis Jetishi","fields":{},"status_text":"","status_emoji":"","status_emoji_display_info":[],"status_expiration":0,"avatar_hash":"geb01d2e6c35","email":"ejetishi@telos-labs.com","first_name":"Enis","last_name":"Jetishi","image_24":"https:\/\/secure.gravatar.com\/avatar\/eb01d2e6c35079324688182c6d065052.jpg?s=24&d=https%3A%2F%2Fa.slack-edge.com%2Fdf10d%2Fimg%2Favatars%2Fava_0003-24.png","image_32":"https:\/\/secure.gravatar.com\/avatar\/eb01d2e6c35079324688182c6d065052.jpg?s=32&d=https%3A%2F%2Fa.slack-edge.com%2Fdf10d%2Fimg%2Favatars%2Fava_0003-32.png","image_48":"https:\/\/secure.gravatar.com\/avatar\/eb01d2e6c35079324688182c6d065052.jpg?s=48&d=https%3A%2F%2Fa.slack-edge.com%2Fdf10d%2Fimg%2Favatars%2Fava_0003-48.png","image_72":"https:\/\/secure.gravatar.com\/avatar\/eb01d2e6c35079324688182c6d065052.jpg?s=72&d=https%3A%2F%2Fa.slack-edge.com%2Fdf10d%2Fimg%2Favatars%2Fava_0003-72.png","image_192":"https:\/\/secure.gravatar.com\/avatar\/eb01d2e6c35079324688182c6d065052.jpg?s=192&d=https%3A%2F%2Fa.slack-edge.com%2Fdf10d%2Fimg%2Favatars%2Fava_0003-192.png","image_512":"https:\/\/secure.gravatar.com\/avatar\/eb01d2e6c35079324688182c6d065052.jpg?s=512&d=https%3A%2F%2Fa.slack-edge.com%2Fdf10d%2Fimg%2Favatars%2Fava_0003-512.png","status_text_canonical":"","team":"T03NAQR6PR8"},"is_bot":false,"is_app_user":false,"updated":1681806017},
{"id":"U03PKLC8YCC","team_id":"T03NAQR6PR8","name":"deactivateduser671493","deleted":true,"profile":{"title":"","phone":"","skype":"","real_name":"Deactivated User","real_name_normalized":"Deactivated User","display_name":"deactivateduser","display_name_normalized":"deactivateduser","fields":null,"status_text":"","status_emoji":"","status_emoji_display_info":[],"status_expiration":0,"avatar_hash":"g849cc56ed76","email":"deactivateduser671493-telos-labs-workspace@slack-corp.com","huddle_state":"default_unset","first_name":"Deactivated","last_name":"User","image_24":"https:\/\/secure.gravatar.com\/avatar\/e02fb7a9c22e855e9fa17131cb8b2d9a.jpg?s=24&d=https%3A%2F%2Fa.slack-edge.com%2Fdf10d%2Fimg%2Favatars%2Fava_0022-24.png","image_32":"https:\/\/secure.gravatar.com\/avatar\/e02fb7a9c22e855e9fa17131cb8b2d9a.jpg?s=32&d=https%3A%2F%2Fa.slack-edge.com%2Fdf10d%2Fimg%2Favatars%2Fava_0022-32.png","image_48":"https:\/\/secure.gravatar.com\/avatar\/e02fb7a9c22e855e9fa17131cb8b2d9a.jpg?s=48&d=https%3A%2F%2Fa.slack-edge.com%2Fdf10d%2Fimg%2Favatars%2Fava_0022-48.png","image_72":"https:\/\/secure.gravatar.com\/avatar\/e02fb7a9c22e855e9fa17131cb8b2d9a.jpg?s=72&d=https%3A%2F%2Fa.slack-edge.com%2Fdf10d%2Fimg%2Favatars%2Fava_0022-72.png","image_192":"https:\/\/secure.gravatar.com\/avatar\/e02fb7a9c22e855e9fa17131cb8b2d9a.jpg?s=192&d=https%3A%2F%2Fa.slack-edge.com%2Fdf10d%2Fimg%2Favatars%2Fava_0022-192.png","image_512":"https:\/\/secure.gravatar.com\/avatar\/e02fb7a9c22e855e9fa17131cb8b2d9a.jpg?s=512&d=https%3A%2F%2Fa.slack-edge.com%2Fdf10d%2Fimg%2Favatars%2Fava_0022-512.png","status_text_canonical":"","team":"T03NAQR6PR8"},"is_bot":false,"is_app_user":false,"updated":1665574379,"is_forgotten":true},
{"id":"U03PVTSUQMP","team_id":"T03NAQR6PR8","name":"deactivateduser214347","deleted":true,"profile":{"title":"","phone":"","skype":"","real_name":"Deactivated User","real_name_normalized":"Deactivated User","display_name":"deactivateduser","display_name_normalized":"deactivateduser","fields":null,"status_text":"","status_emoji":"","status_emoji_display_info":[],"status_expiration":0,"avatar_hash":"g849cc56ed76","email":"deactivateduser214347-telos-labs-workspace@slack-corp.com","huddle_state":"default_unset","first_name":"Deactivated","last_name":"User","image_24":"https:\/\/secure.gravatar.com\/avatar\/4ff91dc8bd1897ecc24690a5c1be5367.jpg?s=24&d=https%3A%2F%2Fa.slack-edge.com%2Fdf10d%2Fimg%2Favatars%2Fava_0012-24.png","image_32":"https:\/\/secure.gravatar.com\/avatar\/4ff91dc8bd1897ecc24690a5c1be5367.jpg?s=32&d=https%3A%2F%2Fa.slack-edge.com%2Fdf10d%2Fimg%2Favatars%2Fava_0012-32.png","image_48":"https:\/\/secure.gravatar.com\/avatar\/4ff91dc8bd1897ecc24690a5c1be5367.jpg?s=48&d=https%3A%2F%2Fa.slack-edge.com%2Fdf10d%2Fimg%2Favatars%2Fava_0012-48.png","image_72":"https:\/\/secure.gravatar.com\/avatar\/4ff91dc8bd1897ecc24690a5c1be5367.jpg?s=72&d=https%3A%2F%2Fa.slack-edge.com%2Fdf10d%2Fimg%2Favatars%2Fava_0012-72.png","image_192":"https:\/\/secure.gravatar.com\/avatar\/4ff91dc8bd1897ecc24690a5c1be5367.jpg?s=192&d=https%3A%2F%2Fa.slack-edge.com%2Fdf10d%2Fimg%2Favatars%2Fava_0012-192.png","image_512":"https:\/\/secure.gravatar.com\/avatar\/4ff91dc8bd1897ecc24690a5c1be5367.jpg?s=512&d=https%3A%2F%2Fa.slack-edge.com%2Fdf10d%2Fimg%2Favatars%2Fava_0012-512.png","status_text_canonical":"","team":"T03NAQR6PR8"},"is_bot":false,"is_app_user":false,"updated":1665574370,"is_forgotten":true},
{"id":"U03SCMWHT4Z","team_id":"T03NAQR6PR8","name":"deactivateduser654305","deleted":true,"profile":{"title":"","phone":"","skype":"","real_name":"Deactivated User","real_name_normalized":"Deactivated User","display_name":"deactivateduser","display_name_normalized":"deactivateduser","fields":null,"status_text":"","status_emoji":"","status_emoji_display_info":[],"status_expiration":0,"avatar_hash":"g849cc56ed76","email":"deactivateduser654305-telos-labs-workspace@slack-corp.com","huddle_state":"default_unset","first_name":"Deactivated","last_name":"User","image_24":"https:\/\/secure.gravatar.com\/avatar\/c707c14e4ed1f21c190ce067845b4852.jpg?s=24&d=https%3A%2F%2Fa.slack-edge.com%2Fdf10d%2Fimg%2Favatars%2Fava_0018-24.png","image_32":"https:\/\/secure.gravatar.com\/avatar\/c707c14e4ed1f21c190ce067845b4852.jpg?s=32&d=https%3A%2F%2Fa.slack-edge.com%2Fdf10d%2Fimg%2Favatars%2Fava_0018-32.png","image_48":"https:\/\/secure.gravatar.com\/avatar\/c707c14e4ed1f21c190ce067845b4852.jpg?s=48&d=https%3A%2F%2Fa.slack-edge.com%2Fdf10d%2Fimg%2Favatars%2Fava_0018-48.png","image_72":"https:\/\/secure.gravatar.com\/avatar\/c707c14e4ed1f21c190ce067845b4852.jpg?s=72&d=https%3A%2F%2Fa.slack-edge.com%2Fdf10d%2Fimg%2Favatars%2Fava_0018-72.png","image_192":"https:\/\/secure.gravatar.com\/avatar\/c707c14e4ed1f21c190ce067845b4852.jpg?s=192&d=https%3A%2F%2Fa.slack-edge.com%2Fdf10d%2Fimg%2Favatars%2Fava_0018-192.png","image_512":"https:\/\/secure.gravatar.com\/avatar\/c707c14e4ed1f21c190ce067845b4852.jpg?s=512&d=https%3A%2F%2Fa.slack-edge.com%2Fdf10d%2Fimg%2Favatars%2Fava_0018-512.png","status_text_canonical":"","team":"T03NAQR6PR8"},"is_bot":false,"is_app_user":false,"updated":1665574197,"is_forgotten":true},
{"id":"U041LTWJDSB","team_id":"T03NAQR6PR8","name":"eisufi","deleted":false,"color":"53b759","real_name":"Edon Isufi","tz":"Europe\/Amsterdam","tz_label":"Central European Time","tz_offset":3600,"profile":{"title":"","phone":"+49 1522 233 71 96","skype":"","real_name":"Edon Isufi","real_name_normalized":"Edon Isufi","display_name":"Edon","display_name_normalized":"Edon","fields":{"Xf03P0L722D6":{"value":"+49 1522 233 71 96","alt":""}},"status_text":"","status_emoji":"","status_emoji_display_info":[],"status_expiration":0,"avatar_hash":"f68d91a01bdb","image_original":"https:\/\/avatars.slack-edge.com\/2022-09-12\/4072665934164_f68d91a01bdba52eb8eb_original.jpg","is_custom_image":true,"email":"eisufi@telos-labs.com","huddle_state":"default_unset","huddle_state_expiration_ts":0,"first_name":"Edon","last_name":"Isufi","image_24":"https:\/\/avatars.slack-edge.com\/2022-09-12\/4072665934164_f68d91a01bdba52eb8eb_24.jpg","image_32":"https:\/\/avatars.slack-edge.com\/2022-09-12\/4072665934164_f68d91a01bdba52eb8eb_32.jpg","image_48":"https:\/\/avatars.slack-edge.com\/2022-09-12\/4072665934164_f68d91a01bdba52eb8eb_48.jpg","image_72":"https:\/\/avatars.slack-edge.com\/2022-09-12\/4072665934164_f68d91a01bdba52eb8eb_72.jpg","image_192":"https:\/\/avatars.slack-edge.com\/2022-09-12\/4072665934164_f68d91a01bdba52eb8eb_192.jpg","image_512":"https:\/\/avatars.slack-edge.com\/2022-09-12\/4072665934164_f68d91a01bdba52eb8eb_512.jpg","image_1024":"https:\/\/avatars.slack-edge.com\/2022-09-12\/4072665934164_f68d91a01bdba52eb8eb_1024.jpg","status_text_canonical":"","team":"T03NAQR6PR8"},"is_admin":false,"is_owner":false,"is_primary_owner":false,"is_restricted":false,"is_ultra_restricted":false,"is_bot":false,"is_app_user":false,"updated":1697127785,"is_email_confirmed":true,"who_can_share_contact_card":"EVERYONE"},
{"id":"U041MN1AUMD","team_id":"T03NAQR6PR8","name":"deactivateduser666952","deleted":true,"profile":{"title":"","phone":"","skype":"","real_name":"Deactivated User","real_name_normalized":"Deactivated User","display_name":"deactivateduser","display_name_normalized":"deactivateduser","fields":null,"status_text":"","status_emoji":"","status_emoji_display_info":[],"status_expiration":0,"avatar_hash":"g849cc56ed76","email":"deactivateduser666952-telos-labs-workspace@slack-corp.com","huddle_state":"default_unset","first_name":"Deactivated","last_name":"User","image_24":"https:\/\/secure.gravatar.com\/avatar\/50975b12adb6e244251c8e14863a9495.jpg?s=24&d=https%3A%2F%2Fa.slack-edge.com%2Fdf10d%2Fimg%2Favatars%2Fava_0015-24.png","image_32":"https:\/\/secure.gravatar.com\/avatar\/50975b12adb6e244251c8e14863a9495.jpg?s=32&d=https%3A%2F%2Fa.slack-edge.com%2Fdf10d%2Fimg%2Favatars%2Fava_0015-32.png","image_48":"https:\/\/secure.gravatar.com\/avatar\/50975b12adb6e244251c8e14863a9495.jpg?s=48&d=https%3A%2F%2Fa.slack-edge.com%2Fdf10d%2Fimg%2Favatars%2Fava_0015-48.png","image_72":"https:\/\/secure.gravatar.com\/avatar\/50975b12adb6e244251c8e14863a9495.jpg?s=72&d=https%3A%2F%2Fa.slack-edge.com%2Fdf10d%2Fimg%2Favatars%2Fava_0015-72.png","image_192":"https:\/\/secure.gravatar.com\/avatar\/50975b12adb6e244251c8e14863a9495.jpg?s=192&d=https%3A%2F%2Fa.slack-edge.com%2Fdf10d%2Fimg%2Favatars%2Fava_0015-192.png","image_512":"https:\/\/secure.gravatar.com\/avatar\/50975b12adb6e244251c8e14863a9495.jpg?s=512&d=https%3A%2F%2Fa.slack-edge.com%2Fdf10d%2Fimg%2Favatars%2Fava_0015-512.png","status_text_canonical":"","team":"T03NAQR6PR8"},"is_bot":false,"is_app_user":false,"updated":1665574057,"is_forgotten":true},
{"id":"U041V069L1L","team_id":"T03NAQR6PR8","name":"kreshnik.gashi","deleted":false,"color":"c386df","real_name":"Kresh","tz":"Europe\/Amsterdam","tz_label":"Central European Time","tz_offset":3600,"profile":{"title":"","phone":"","skype":"","real_name":"Kresh","real_name_normalized":"Kresh","display_name":"","display_name_normalized":"","fields":{},"status_text":"","status_emoji":"","status_emoji_display_info":[],"status_expiration":0,"avatar_hash":"845baa93b56d","image_original":"https:\/\/avatars.slack-edge.com\/2022-09-12\/4083400136337_845baa93b56d3d8fe389_original.png","is_custom_image":true,"email":"kreshnik.gashi@telos-labs.com","huddle_state":"default_unset","huddle_state_expiration_ts":0,"first_name":"Kresh","last_name":"","image_24":"https:\/\/avatars.slack-edge.com\/2022-09-12\/4083400136337_845baa93b56d3d8fe389_24.png","image_32":"https:\/\/avatars.slack-edge.com\/2022-09-12\/4083400136337_845baa93b56d3d8fe389_32.png","image_48":"https:\/\/avatars.slack-edge.com\/2022-09-12\/4083400136337_845baa93b56d3d8fe389_48.png","image_72":"https:\/\/avatars.slack-edge.com\/2022-09-12\/4083400136337_845baa93b56d3d8fe389_72.png","image_192":"https:\/\/avatars.slack-edge.com\/2022-09-12\/4083400136337_845baa93b56d3d8fe389_192.png","image_512":"https:\/\/avatars.slack-edge.com\/2022-09-12\/4083400136337_845baa93b56d3d8fe389_512.png","image_1024":"https:\/\/avatars.slack-edge.com\/2022-09-12\/4083400136337_845baa93b56d3d8fe389_1024.png","status_text_canonical":"","team":"T03NAQR6PR8"},"is_admin":false,"is_owner":false,"is_primary_owner":false,"is_restricted":false,"is_ultra_restricted":false,"is_bot":false,"is_app_user":false,"updated":1702462299,"is_email_confirmed":true,"who_can_share_contact_card":"EVERYONE"},
{"id":"U044H5MPPPH","team_id":"T03NAQR6PR8","name":"ed.zahiri","deleted":false,"color":"ea2977","real_name":"Edi","tz":"Europe\/Belgrade","tz_label":"Central European Time","tz_offset":3600,"profile":{"title":"\uf8ff iOS Developer","phone":"","skype":"","real_name":"Edi","real_name_normalized":"Edi","display_name":"","display_name_normalized":"","fields":{"Xf0400EXBCL9":{"value":"\uf8ff iOS Developer","alt":""}},"status_text":"","status_emoji":"","status_emoji_display_info":[],"status_expiration":0,"avatar_hash":"0bac05863cc4","image_original":"https:\/\/avatars.slack-edge.com\/2023-10-05\/6007166667425_0bac05863cc4abb00ca3_original.png","is_custom_image":true,"email":"ed.zahiri@telos-labs.com","huddle_state":"default_unset","huddle_state_expiration_ts":0,"first_name":"Edi","last_name":"","image_24":"https:\/\/avatars.slack-edge.com\/2023-10-05\/6007166667425_0bac05863cc4abb00ca3_24.png","image_32":"https:\/\/avatars.slack-edge.com\/2023-10-05\/6007166667425_0bac05863cc4abb00ca3_32.png","image_48":"https:\/\/avatars.slack-edge.com\/2023-10-05\/6007166667425_0bac05863cc4abb00ca3_48.png","image_72":"https:\/\/avatars.slack-edge.com\/2023-10-05\/6007166667425_0bac05863cc4abb00ca3_72.png","image_192":"https:\/\/avatars.slack-edge.com\/2023-10-05\/6007166667425_0bac05863cc4abb00ca3_192.png","image_512":"https:\/\/avatars.slack-edge.com\/2023-10-05\/6007166667425_0bac05863cc4abb00ca3_512.png","image_1024":"https:\/\/avatars.slack-edge.com\/2023-10-05\/6007166667425_0bac05863cc4abb00ca3_1024.png","status_text_canonical":"","team":"T03NAQR6PR8"},"is_admin":false,"is_owner":false,"is_primary_owner":false,"is_restricted":false,"is_ultra_restricted":false,"is_bot":false,"is_app_user":false,"updated":1699895178,"is_email_confirmed":true,"who_can_share_contact_card":"EVERYONE"},
{"id":"U044UP8UFPY","team_id":"T03NAQR6PR8","name":"deactivateduser539494","deleted":true,"profile":{"title":"","phone":"","skype":"","real_name":"Deactivated User","real_name_normalized":"Deactivated User","display_name":"deactivateduser","display_name_normalized":"deactivateduser","fields":null,"status_text":"","status_emoji":"","status_emoji_display_info":[],"status_expiration":0,"avatar_hash":"g849cc56ed76","email":"deactivateduser539494-telos-labs-workspace@slack-corp.com","huddle_state":"default_unset","first_name":"Deactivated","last_name":"User","image_24":"https:\/\/secure.gravatar.com\/avatar\/685619fe78ac36c3b798f3cc0284cf0d.jpg?s=24&d=https%3A%2F%2Fa.slack-edge.com%2Fdf10d%2Fimg%2Favatars%2Fava_0026-24.png","image_32":"https:\/\/secure.gravatar.com\/avatar\/685619fe78ac36c3b798f3cc0284cf0d.jpg?s=32&d=https%3A%2F%2Fa.slack-edge.com%2Fdf10d%2Fimg%2Favatars%2Fava_0026-32.png","image_48":"https:\/\/secure.gravatar.com\/avatar\/685619fe78ac36c3b798f3cc0284cf0d.jpg?s=48&d=https%3A%2F%2Fa.slack-edge.com%2Fdf10d%2Fimg%2Favatars%2Fava_0026-48.png","image_72":"https:\/\/secure.gravatar.com\/avatar\/685619fe78ac36c3b798f3cc0284cf0d.jpg?s=72&d=https%3A%2F%2Fa.slack-edge.com%2Fdf10d%2Fimg%2Favatars%2Fava_0026-72.png","image_192":"https:\/\/secure.gravatar.com\/avatar\/685619fe78ac36c3b798f3cc0284cf0d.jpg?s=192&d=https%3A%2F%2Fa.slack-edge.com%2Fdf10d%2Fimg%2Favatars%2Fava_0026-192.png","image_512":"https:\/\/secure.gravatar.com\/avatar\/685619fe78ac36c3b798f3cc0284cf0d.jpg?s=512&d=https%3A%2F%2Fa.slack-edge.com%2Fdf10d%2Fimg%2Favatars%2Fava_0026-512.png","status_text_canonical":"","team":"T03NAQR6PR8"},"is_bot":false,"is_app_user":false,"updated":1665574218,"is_forgotten":true},
{"id":"U044VF4UW1H","team_id":"T03NAQR6PR8","name":"albin.pllana","deleted":false,"color":"5870dd","real_name":"Albin Pllana","tz":"Europe\/Belgrade","tz_label":"Central European Time","tz_offset":3600,"profile":{"title":"","phone":"","skype":"","real_name":"Albin Pllana","real_name_normalized":"Albin Pllana","display_name":"Albin Pllana","display_name_normalized":"Albin Pllana","fields":{},"status_text":"","status_emoji":"","status_emoji_display_info":[],"status_expiration":0,"avatar_hash":"ge36909a7d35","email":"albin.pllana@telos-labs.com","huddle_state":"default_unset","huddle_state_expiration_ts":0,"first_name":"Albin","last_name":"Pllana","image_24":"https:\/\/secure.gravatar.com\/avatar\/e36909a7d35bb2ebd10540874b16dbab.jpg?s=24&d=https%3A%2F%2Fa.slack-edge.com%2Fdf10d%2Fimg%2Favatars%2Fava_0007-24.png","image_32":"https:\/\/secure.gravatar.com\/avatar\/e36909a7d35bb2ebd10540874b16dbab.jpg?s=32&d=https%3A%2F%2Fa.slack-edge.com%2Fdf10d%2Fimg%2Favatars%2Fava_0007-32.png","image_48":"https:\/\/secure.gravatar.com\/avatar\/e36909a7d35bb2ebd10540874b16dbab.jpg?s=48&d=https%3A%2F%2Fa.slack-edge.com%2Fdf10d%2Fimg%2Favatars%2Fava_0007-48.png","image_72":"https:\/\/secure.gravatar.com\/avatar\/e36909a7d35bb2ebd10540874b16dbab.jpg?s=72&d=https%3A%2F%2Fa.slack-edge.com%2Fdf10d%2Fimg%2Favatars%2Fava_0007-72.png","image_192":"https:\/\/secure.gravatar.com\/avatar\/e36909a7d35bb2ebd10540874b16dbab.jpg?s=192&d=https%3A%2F%2Fa.slack-edge.com%2Fdf10d%2Fimg%2Favatars%2Fava_0007-192.png","image_512":"https:\/\/secure.gravatar.com\/avatar\/e36909a7d35bb2ebd10540874b16dbab.jpg?s=512&d=https%3A%2F%2Fa.slack-edge.com%2Fdf10d%2Fimg%2Favatars%2Fava_0007-512.png","status_text_canonical":"","team":"T03NAQR6PR8"},"is_admin":false,"is_owner":false,"is_primary_owner":false,"is_restricted":false,"is_ultra_restricted":false,"is_bot":false,"is_app_user":false,"updated":1702412217,"is_email_confirmed":true,"who_can_share_contact_card":"EVERYONE"},
{"id":"U0451ANV53M","team_id":"T03NAQR6PR8","name":"deactivateduser783046","deleted":true,"profile":{"title":"","phone":"","skype":"","real_name":"Deactivated User","real_name_normalized":"Deactivated User","display_name":"deactivateduser","display_name_normalized":"deactivateduser","fields":null,"status_text":"","status_emoji":"","status_emoji_display_info":[],"status_expiration":0,"avatar_hash":"g849cc56ed76","email":"deactivateduser783046-telos-labs-workspace@slack-corp.com","huddle_state":"default_unset","first_name":"Deactivated","last_name":"User","image_24":"https:\/\/secure.gravatar.com\/avatar\/4f26d4e045570f48d30f37e06d413599.jpg?s=24&d=https%3A%2F%2Fa.slack-edge.com%2Fdf10d%2Fimg%2Favatars%2Fava_0007-24.png","image_32":"https:\/\/secure.gravatar.com\/avatar\/4f26d4e045570f48d30f37e06d413599.jpg?s=32&d=https%3A%2F%2Fa.slack-edge.com%2Fdf10d%2Fimg%2Favatars%2Fava_0007-32.png","image_48":"https:\/\/secure.gravatar.com\/avatar\/4f26d4e045570f48d30f37e06d413599.jpg?s=48&d=https%3A%2F%2Fa.slack-edge.com%2Fdf10d%2Fimg%2Favatars%2Fava_0007-48.png","image_72":"https:\/\/secure.gravatar.com\/avatar\/4f26d4e045570f48d30f37e06d413599.jpg?s=72&d=https%3A%2F%2Fa.slack-edge.com%2Fdf10d%2Fimg%2Favatars%2Fava_0007-72.png","image_192":"https:\/\/secure.gravatar.com\/avatar\/4f26d4e045570f48d30f37e06d413599.jpg?s=192&d=https%3A%2F%2Fa.slack-edge.com%2Fdf10d%2Fimg%2Favatars%2Fava_0007-192.png","image_512":"https:\/\/secure.gravatar.com\/avatar\/4f26d4e045570f48d30f37e06d413599.jpg?s=512&d=https%3A%2F%2Fa.slack-edge.com%2Fdf10d%2Fimg%2Favatars%2Fava_0007-512.png","status_text_canonical":"","team":"T03NAQR6PR8"},"is_bot":false,"is_app_user":false,"updated":1665574173,"is_forgotten":true},
{"id":"U045K1LCHQQ","team_id":"T03NAQR6PR8","name":"arben.abazi","deleted":false,"color":"a63024","real_name":"Arben Abazi","tz":"Europe\/Belgrade","tz_label":"Central European Time","tz_offset":3600,"profile":{"title":"","phone":"","skype":"","real_name":"Arben Abazi","real_name_normalized":"Arben Abazi","display_name":"","display_name_normalized":"","fields":{},"status_text":"","status_emoji":"","status_emoji_display_info":[],"status_expiration":0,"avatar_hash":"g047b7ba1455","email":"arben.abazi@telos-labs.com","huddle_state":"default_unset","huddle_state_expiration_ts":0,"first_name":"Arben","last_name":"Abazi","image_24":"https:\/\/secure.gravatar.com\/avatar\/047b7ba145523296cd9c990801eb8716.jpg?s=24&d=https%3A%2F%2Fa.slack-edge.com%2Fdf10d%2Fimg%2Favatars%2Fava_0023-24.png","image_32":"https:\/\/secure.gravatar.com\/avatar\/047b7ba145523296cd9c990801eb8716.jpg?s=32&d=https%3A%2F%2Fa.slack-edge.com%2Fdf10d%2Fimg%2Favatars%2Fava_0023-32.png","image_48":"https:\/\/secure.gravatar.com\/avatar\/047b7ba145523296cd9c990801eb8716.jpg?s=48&d=https%3A%2F%2Fa.slack-edge.com%2Fdf10d%2Fimg%2Favatars%2Fava_0023-48.png","image_72":"https:\/\/secure.gravatar.com\/avatar\/047b7ba145523296cd9c990801eb8716.jpg?s=72&d=https%3A%2F%2Fa.slack-edge.com%2Fdf10d%2Fimg%2Favatars%2Fava_0023-72.png","image_192":"https:\/\/secure.gravatar.com\/avatar\/047b7ba145523296cd9c990801eb8716.jpg?s=192&d=https%3A%2F%2Fa.slack-edge.com%2Fdf10d%2Fimg%2Favatars%2Fava_0023-192.png","image_512":"https:\/\/secure.gravatar.com\/avatar\/047b7ba145523296cd9c990801eb8716.jpg?s=512&d=https%3A%2F%2Fa.slack-edge.com%2Fdf10d%2Fimg%2Favatars%2Fava_0023-512.png","status_text_canonical":"","team":"T03NAQR6PR8"},"is_admin":true,"is_owner":true,"is_primary_owner":false,"is_restricted":false,"is_ultra_restricted":false,"is_bot":false,"is_app_user":false,"updated":1702462844,"is_email_confirmed":true,"who_can_share_contact_card":"EVERYONE"},
{"id":"U045LNRQMND","team_id":"T03NAQR6PR8","name":"deactivateduser331797","deleted":true,"profile":{"title":"","phone":"","skype":"","real_name":"Deactivated User","real_name_normalized":"Deactivated User","display_name":"deactivateduser","display_name_normalized":"deactivateduser","fields":null,"status_text":"","status_emoji":"","status_emoji_display_info":[],"status_expiration":0,"avatar_hash":"g849cc56ed76","email":"deactivateduser331797-telos-labs-workspace@slack-corp.com","huddle_state":"default_unset","first_name":"Deactivated","last_name":"User","image_24":"https:\/\/secure.gravatar.com\/avatar\/e8d09df399a0d0035473b894101cd684.jpg?s=24&d=https%3A%2F%2Fa.slack-edge.com%2Fdf10d%2Fimg%2Favatars%2Fava_0005-24.png","image_32":"https:\/\/secure.gravatar.com\/avatar\/e8d09df399a0d0035473b894101cd684.jpg?s=32&d=https%3A%2F%2Fa.slack-edge.com%2Fdf10d%2Fimg%2Favatars%2Fava_0005-32.png","image_48":"https:\/\/secure.gravatar.com\/avatar\/e8d09df399a0d0035473b894101cd684.jpg?s=48&d=https%3A%2F%2Fa.slack-edge.com%2Fdf10d%2Fimg%2Favatars%2Fava_0005-48.png","image_72":"https:\/\/secure.gravatar.com\/avatar\/e8d09df399a0d0035473b894101cd684.jpg?s=72&d=https%3A%2F%2Fa.slack-edge.com%2Fdf10d%2Fimg%2Favatars%2Fava_0005-72.png","image_192":"https:\/\/secure.gravatar.com\/avatar\/e8d09df399a0d0035473b894101cd684.jpg?s=192&d=https%3A%2F%2Fa.slack-edge.com%2Fdf10d%2Fimg%2Favatars%2Fava_0005-192.png","image_512":"https:\/\/secure.gravatar.com\/avatar\/e8d09df399a0d0035473b894101cd684.jpg?s=512&d=https%3A%2F%2Fa.slack-edge.com%2Fdf10d%2Fimg%2Favatars%2Fava_0005-512.png","status_text_canonical":"","team":"T03NAQR6PR8"},"is_bot":false,"is_app_user":false,"updated":1665574264,"is_forgotten":true},
{"id":"U045RM9FU31","team_id":"T03NAQR6PR8","name":"sherif.hoti","deleted":false,"color":"e06b56","real_name":"Sherif Hoti","tz":"Europe\/Belgrade","tz_label":"Central European Time","tz_offset":3600,"profile":{"title":"","phone":"","skype":"","real_name":"Sherif Hoti","real_name_normalized":"Sherif Hoti","display_name":"Sherif Hoti","display_name_normalized":"Sherif Hoti","fields":{},"status_text":"","status_emoji":"","status_emoji_display_info":[],"status_expiration":0,"avatar_hash":"g71204bf4ea5","email":"sherif.hoti@telos-labs.com","first_name":"Sherif","last_name":"Hoti","image_24":"https:\/\/secure.gravatar.com\/avatar\/71204bf4ea5f21314fd7730f0f02bdb2.jpg?s=24&d=https%3A%2F%2Fa.slack-edge.com%2Fdf10d%2Fimg%2Favatars%2Fava_0020-24.png","image_32":"https:\/\/secure.gravatar.com\/avatar\/71204bf4ea5f21314fd7730f0f02bdb2.jpg?s=32&d=https%3A%2F%2Fa.slack-edge.com%2Fdf10d%2Fimg%2Favatars%2Fava_0020-32.png","image_48":"https:\/\/secure.gravatar.com\/avatar\/71204bf4ea5f21314fd7730f0f02bdb2.jpg?s=48&d=https%3A%2F%2Fa.slack-edge.com%2Fdf10d%2Fimg%2Favatars%2Fava_0020-48.png","image_72":"https:\/\/secure.gravatar.com\/avatar\/71204bf4ea5f21314fd7730f0f02bdb2.jpg?s=72&d=https%3A%2F%2Fa.slack-edge.com%2Fdf10d%2Fimg%2Favatars%2Fava_0020-72.png","image_192":"https:\/\/secure.gravatar.com\/avatar\/71204bf4ea5f21314fd7730f0f02bdb2.jpg?s=192&d=https%3A%2F%2Fa.slack-edge.com%2Fdf10d%2Fimg%2Favatars%2Fava_0020-192.png","image_512":"https:\/\/secure.gravatar.com\/avatar\/71204bf4ea5f21314fd7730f0f02bdb2.jpg?s=512&d=https%3A%2F%2Fa.slack-edge.com%2Fdf10d%2Fimg%2Favatars%2Fava_0020-512.png","status_text_canonical":"","team":"T03NAQR6PR8"},"is_admin":false,"is_owner":false,"is_primary_owner":false,"is_restricted":false,"is_ultra_restricted":false,"is_bot":false,"is_app_user":false,"updated":1678736739,"is_email_confirmed":true,"who_can_share_contact_card":"EVERYONE"},
{"id":"U0466GWMV0B","team_id":"T03NAQR6PR8","name":"asokoli","deleted":true,"profile":{"title":"","phone":"","skype":"","real_name":"Arber Sokoli","real_name_normalized":"Arber Sokoli","display_name":"Arber Sokoli","display_name_normalized":"Arber Sokoli","fields":{},"status_text":"","status_emoji":"","status_emoji_display_info":[],"status_expiration":0,"avatar_hash":"ga7b535b9325","email":"asokoli@telos-labs.com","first_name":"Arber","last_name":"Sokoli","image_24":"https:\/\/secure.gravatar.com\/avatar\/a7b535b9325231a91d5351a7a9d08635.jpg?s=24&d=https%3A%2F%2Fa.slack-edge.com%2Fdf10d%2Fimg%2Favatars%2Fava_0025-24.png","image_32":"https:\/\/secure.gravatar.com\/avatar\/a7b535b9325231a91d5351a7a9d08635.jpg?s=32&d=https%3A%2F%2Fa.slack-edge.com%2Fdf10d%2Fimg%2Favatars%2Fava_0025-32.png","image_48":"https:\/\/secure.gravatar.com\/avatar\/a7b535b9325231a91d5351a7a9d08635.jpg?s=48&d=https%3A%2F%2Fa.slack-edge.com%2Fdf10d%2Fimg%2Favatars%2Fava_0025-48.png","image_72":"https:\/\/secure.gravatar.com\/avatar\/a7b535b9325231a91d5351a7a9d08635.jpg?s=72&d=https%3A%2F%2Fa.slack-edge.com%2Fdf10d%2Fimg%2Favatars%2Fava_0025-72.png","image_192":"https:\/\/secure.gravatar.com\/avatar\/a7b535b9325231a91d5351a7a9d08635.jpg?s=192&d=https%3A%2F%2Fa.slack-edge.com%2Fdf10d%2Fimg%2Favatars%2Fava_0025-192.png","image_512":"https:\/\/secure.gravatar.com\/avatar\/a7b535b9325231a91d5351a7a9d08635.jpg?s=512&d=https%3A%2F%2Fa.slack-edge.com%2Fdf10d%2Fimg%2Favatars%2Fava_0025-512.png","status_text_canonical":"","team":"T03NAQR6PR8"},"is_bot":false,"is_app_user":false,"updated":1681809431},
{"id":"U0466HDT0M9","team_id":"T03NAQR6PR8","name":"sara.rafuna","deleted":false,"color":"902d59","real_name":"Sara","tz":"Europe\/Belgrade","tz_label":"Central European Time","tz_offset":3600,"profile":{"title":"","phone":"","skype":"","real_name":"Sara","real_name_normalized":"Sara","display_name":"Sara","display_name_normalized":"Sara","fields":{},"status_text":"","status_emoji":"","status_emoji_display_info":[],"status_expiration":0,"avatar_hash":"g33170cb3e45","email":"sara.rafuna@telos-labs.com","first_name":"Sara","last_name":"","image_24":"https:\/\/secure.gravatar.com\/avatar\/33170cb3e45159e159b5dfb05f67993d.jpg?s=24&d=https%3A%2F%2Fa.slack-edge.com%2Fdf10d%2Fimg%2Favatars%2Fava_0021-24.png","image_32":"https:\/\/secure.gravatar.com\/avatar\/33170cb3e45159e159b5dfb05f67993d.jpg?s=32&d=https%3A%2F%2Fa.slack-edge.com%2Fdf10d%2Fimg%2Favatars%2Fava_0021-32.png","image_48":"https:\/\/secure.gravatar.com\/avatar\/33170cb3e45159e159b5dfb05f67993d.jpg?s=48&d=https%3A%2F%2Fa.slack-edge.com%2Fdf10d%2Fimg%2Favatars%2Fava_0021-48.png","image_72":"https:\/\/secure.gravatar.com\/avatar\/33170cb3e45159e159b5dfb05f67993d.jpg?s=72&d=https%3A%2F%2Fa.slack-edge.com%2Fdf10d%2Fimg%2Favatars%2Fava_0021-72.png","image_192":"https:\/\/secure.gravatar.com\/avatar\/33170cb3e45159e159b5dfb05f67993d.jpg?s=192&d=https%3A%2F%2Fa.slack-edge.com%2Fdf10d%2Fimg%2Favatars%2Fava_0021-192.png","image_512":"https:\/\/secure.gravatar.com\/avatar\/33170cb3e45159e159b5dfb05f67993d.jpg?s=512&d=https%3A%2F%2Fa.slack-edge.com%2Fdf10d%2Fimg%2Favatars%2Fava_0021-512.png","status_text_canonical":"","team":"T03NAQR6PR8"},"is_admin":false,"is_owner":false,"is_primary_owner":false,"is_restricted":false,"is_ultra_restricted":false,"is_bot":false,"is_app_user":false,"updated":1665580033,"is_email_confirmed":true,"who_can_share_contact_card":"EVERYONE"},
{"id":"U0466L8DYQ2","team_id":"T03NAQR6PR8","name":"deactivateduser963276","deleted":true,"profile":{"title":"","phone":"","skype":"","real_name":"Deactivated User","real_name_normalized":"Deactivated User","display_name":"deactivateduser","display_name_normalized":"deactivateduser","fields":null,"status_text":"","status_emoji":"","status_emoji_display_info":[],"status_expiration":0,"avatar_hash":"g849cc56ed76","email":"deactivateduser963276-telos-labs-workspace@slack-corp.com","huddle_state":"default_unset","first_name":"Deactivated","last_name":"User","image_24":"https:\/\/secure.gravatar.com\/avatar\/f43b4102b936cccb17dd6ea4270e1bd0.jpg?s=24&d=https%3A%2F%2Fa.slack-edge.com%2Fdf10d%2Fimg%2Favatars%2Fava_0023-24.png","image_32":"https:\/\/secure.gravatar.com\/avatar\/f43b4102b936cccb17dd6ea4270e1bd0.jpg?s=32&d=https%3A%2F%2Fa.slack-edge.com%2Fdf10d%2Fimg%2Favatars%2Fava_0023-32.png","image_48":"https:\/\/secure.gravatar.com\/avatar\/f43b4102b936cccb17dd6ea4270e1bd0.jpg?s=48&d=https%3A%2F%2Fa.slack-edge.com%2Fdf10d%2Fimg%2Favatars%2Fava_0023-48.png","image_72":"https:\/\/secure.gravatar.com\/avatar\/f43b4102b936cccb17dd6ea4270e1bd0.jpg?s=72&d=https%3A%2F%2Fa.slack-edge.com%2Fdf10d%2Fimg%2Favatars%2Fava_0023-72.png","image_192":"https:\/\/secure.gravatar.com\/avatar\/f43b4102b936cccb17dd6ea4270e1bd0.jpg?s=192&d=https%3A%2F%2Fa.slack-edge.com%2Fdf10d%2Fimg%2Favatars%2Fava_0023-192.png","image_512":"https:\/\/secure.gravatar.com\/avatar\/f43b4102b936cccb17dd6ea4270e1bd0.jpg?s=512&d=https%3A%2F%2Fa.slack-edge.com%2Fdf10d%2Fimg%2Favatars%2Fava_0023-512.png","status_text_canonical":"","team":"T03NAQR6PR8"},"is_bot":false,"is_app_user":false,"updated":1666014498,"is_forgotten":true},
{"id":"U0468NDCWGG","team_id":"T03NAQR6PR8","name":"deactivateduser271701","deleted":true,"profile":{"title":"","phone":"","skype":"","real_name":"Deactivated User","real_name_normalized":"Deactivated User","display_name":"deactivateduser","display_name_normalized":"deactivateduser","fields":null,"status_text":"","status_emoji":"","status_emoji_display_info":[],"status_expiration":0,"avatar_hash":"g849cc56ed76","email":"deactivateduser271701-telos-labs-workspace@slack-corp.com","huddle_state":"default_unset","first_name":"Deactivated","last_name":"User","image_24":"https:\/\/secure.gravatar.com\/avatar\/ceeea2e2a50b07252ac19e6349ed6fc8.jpg?s=24&d=https%3A%2F%2Fa.slack-edge.com%2Fdf10d%2Fimg%2Favatars%2Fava_0026-24.png","image_32":"https:\/\/secure.gravatar.com\/avatar\/ceeea2e2a50b07252ac19e6349ed6fc8.jpg?s=32&d=https%3A%2F%2Fa.slack-edge.com%2Fdf10d%2Fimg%2Favatars%2Fava_0026-32.png","image_48":"https:\/\/secure.gravatar.com\/avatar\/ceeea2e2a50b07252ac19e6349ed6fc8.jpg?s=48&d=https%3A%2F%2Fa.slack-edge.com%2Fdf10d%2Fimg%2Favatars%2Fava_0026-48.png","image_72":"https:\/\/secure.gravatar.com\/avatar\/ceeea2e2a50b07252ac19e6349ed6fc8.jpg?s=72&d=https%3A%2F%2Fa.slack-edge.com%2Fdf10d%2Fimg%2Favatars%2Fava_0026-72.png","image_192":"https:\/\/secure.gravatar.com\/avatar\/ceeea2e2a50b07252ac19e6349ed6fc8.jpg?s=192&d=https%3A%2F%2Fa.slack-edge.com%2Fdf10d%2Fimg%2Favatars%2Fava_0026-192.png","image_512":"https:\/\/secure.gravatar.com\/avatar\/ceeea2e2a50b07252ac19e6349ed6fc8.jpg?s=512&d=https%3A%2F%2Fa.slack-edge.com%2Fdf10d%2Fimg%2Favatars%2Fava_0026-512.png","status_text_canonical":"","team":"T03NAQR6PR8"},"is_bot":false,"is_app_user":false,"updated":1665574078,"is_forgotten":true},
{"id":"U048YBTFUQN","team_id":"T03NAQR6PR8","name":"deactivateduser570650","deleted":true,"profile":{"title":"","phone":"","skype":"","real_name":"Deactivated User","real_name_normalized":"Deactivated User","display_name":"deactivateduser","display_name_normalized":"deactivateduser","fields":null,"status_text":"","status_emoji":"","status_emoji_display_info":[],"status_expiration":0,"avatar_hash":"g849cc56ed76","guest_invited_by":"","email":"deactivateduser570650-telos-labs-workspace@slack-corp.com","huddle_state":"default_unset","first_name":"Deactivated","last_name":"User","image_24":"https:\/\/secure.gravatar.com\/avatar\/22f22e4af2ec68554e9143980171c63d.jpg?s=24&d=https%3A%2F%2Fa.slack-edge.com%2Fdf10d%2Fimg%2Favatars%2Fava_0026-24.png","image_32":"https:\/\/secure.gravatar.com\/avatar\/22f22e4af2ec68554e9143980171c63d.jpg?s=32&d=https%3A%2F%2Fa.slack-edge.com%2Fdf10d%2Fimg%2Favatars%2Fava_0026-32.png","image_48":"https:\/\/secure.gravatar.com\/avatar\/22f22e4af2ec68554e9143980171c63d.jpg?s=48&d=https%3A%2F%2Fa.slack-edge.com%2Fdf10d%2Fimg%2Favatars%2Fava_0026-48.png","image_72":"https:\/\/secure.gravatar.com\/avatar\/22f22e4af2ec68554e9143980171c63d.jpg?s=72&d=https%3A%2F%2Fa.slack-edge.com%2Fdf10d%2Fimg%2Favatars%2Fava_0026-72.png","image_192":"https:\/\/secure.gravatar.com\/avatar\/22f22e4af2ec68554e9143980171c63d.jpg?s=192&d=https%3A%2F%2Fa.slack-edge.com%2Fdf10d%2Fimg%2Favatars%2Fava_0026-192.png","image_512":"https:\/\/secure.gravatar.com\/avatar\/22f22e4af2ec68554e9143980171c63d.jpg?s=512&d=https%3A%2F%2Fa.slack-edge.com%2Fdf10d%2Fimg%2Favatars%2Fava_0026-512.png","status_text_canonical":"","team":"T03NAQR6PR8"},"is_bot":false,"is_app_user":false,"updated":1681810447,"is_forgotten":true,"is_invited_user":true},
{"id":"U049Q4HTVDF","team_id":"T03NAQR6PR8","name":"deactivateduser956541","deleted":true,"profile":{"title":"","phone":"","skype":"","real_name":"Deactivated User","real_name_normalized":"Deactivated User","display_name":"deactivateduser","display_name_normalized":"deactivateduser","fields":null,"status_text":"","status_emoji":"","status_emoji_display_info":[],"status_expiration":0,"avatar_hash":"g849cc56ed76","guest_invited_by":"","email":"deactivateduser956541-telos-labs-workspace@slack-corp.com","huddle_state":"default_unset","first_name":"Deactivated","last_name":"User","image_24":"https:\/\/secure.gravatar.com\/avatar\/f2c9e14b17d730005981fa617cf14d6d.jpg?s=24&d=https%3A%2F%2Fa.slack-edge.com%2Fdf10d%2Fimg%2Favatars%2Fava_0000-24.png","image_32":"https:\/\/secure.gravatar.com\/avatar\/f2c9e14b17d730005981fa617cf14d6d.jpg?s=32&d=https%3A%2F%2Fa.slack-edge.com%2Fdf10d%2Fimg%2Favatars%2Fava_0000-32.png","image_48":"https:\/\/secure.gravatar.com\/avatar\/f2c9e14b17d730005981fa617cf14d6d.jpg?s=48&d=https%3A%2F%2Fa.slack-edge.com%2Fdf10d%2Fimg%2Favatars%2Fava_0000-48.png","image_72":"https:\/\/secure.gravatar.com\/avatar\/f2c9e14b17d730005981fa617cf14d6d.jpg?s=72&d=https%3A%2F%2Fa.slack-edge.com%2Fdf10d%2Fimg%2Favatars%2Fava_0000-72.png","image_192":"https:\/\/secure.gravatar.com\/avatar\/f2c9e14b17d730005981fa617cf14d6d.jpg?s=192&d=https%3A%2F%2Fa.slack-edge.com%2Fdf10d%2Fimg%2Favatars%2Fava_0000-192.png","image_512":"https:\/\/secure.gravatar.com\/avatar\/f2c9e14b17d730005981fa617cf14d6d.jpg?s=512&d=https%3A%2F%2Fa.slack-edge.com%2Fdf10d%2Fimg%2Favatars%2Fava_0000-512.png","status_text_canonical":"","team":"T03NAQR6PR8"},"is_bot":false,"is_app_user":false,"updated":1681810999,"is_forgotten":true},
{"id":"U04AKD70TUP","team_id":"T03NAQR6PR8","name":"jirabot","deleted":false,"color":"3c8c69","real_name":"Jira","tz":"America\/Los_Angeles","tz_label":"Pacific Standard Time","tz_offset":-28800,"profile":{"title":"","phone":"","skype":"","real_name":"Jira","real_name_normalized":"Jira","display_name":"","display_name_normalized":"","fields":{},"status_text":"","status_emoji":"","status_emoji_display_info":[],"status_expiration":0,"avatar_hash":"ad697516f256","api_app_id":"A2RPP3NFR","always_active":true,"image_original":"https:\/\/avatars.slack-edge.com\/2022-11-15\/4376452838132_ad697516f256983634ce_original.png","is_custom_image":true,"bot_id":"B04BPLD25A4","first_name":"Jira","last_name":"","image_24":"https:\/\/avatars.slack-edge.com\/2022-11-15\/4376452838132_ad697516f256983634ce_24.png","image_32":"https:\/\/avatars.slack-edge.com\/2022-11-15\/4376452838132_ad697516f256983634ce_32.png","image_48":"https:\/\/avatars.slack-edge.com\/2022-11-15\/4376452838132_ad697516f256983634ce_48.png","image_72":"https:\/\/avatars.slack-edge.com\/2022-11-15\/4376452838132_ad697516f256983634ce_72.png","image_192":"https:\/\/avatars.slack-edge.com\/2022-11-15\/4376452838132_ad697516f256983634ce_192.png","image_512":"https:\/\/avatars.slack-edge.com\/2022-11-15\/4376452838132_ad697516f256983634ce_512.png","image_1024":"https:\/\/avatars.slack-edge.com\/2022-11-15\/4376452838132_ad697516f256983634ce_1024.png","status_text_canonical":"","team":"T03NAQR6PR8"},"is_admin":false,"is_owner":false,"is_primary_owner":false,"is_restricted":false,"is_ultra_restricted":false,"is_bot":true,"is_app_user":false,"updated":1668518247,"is_email_confirmed":false,"who_can_share_contact_card":"EVERYONE"},
{"id":"U04CQAYLM9U","team_id":"T03NAQR6PR8","name":"deactivateduser578122","deleted":true,"profile":{"title":"","phone":"","skype":"","real_name":"Deactivated User","real_name_normalized":"Deactivated User","display_name":"deactivateduser","display_name_normalized":"deactivateduser","fields":null,"status_text":"","status_emoji":"","status_emoji_display_info":[],"status_expiration":0,"avatar_hash":"g849cc56ed76","guest_invited_by":"","email":"deactivateduser578122-telos-labs-workspace@slack-corp.com","huddle_state":"default_unset","first_name":"Deactivated","last_name":"User","image_24":"https:\/\/secure.gravatar.com\/avatar\/305ca39c602ea27523876328a21763c2.jpg?s=24&d=https%3A%2F%2Fa.slack-edge.com%2Fdf10d%2Fimg%2Favatars%2Fava_0009-24.png","image_32":"https:\/\/secure.gravatar.com\/avatar\/305ca39c602ea27523876328a21763c2.jpg?s=32&d=https%3A%2F%2Fa.slack-edge.com%2Fdf10d%2Fimg%2Favatars%2Fava_0009-32.png","image_48":"https:\/\/secure.gravatar.com\/avatar\/305ca39c602ea27523876328a21763c2.jpg?s=48&d=https%3A%2F%2Fa.slack-edge.com%2Fdf10d%2Fimg%2Favatars%2Fava_0009-48.png","image_72":"https:\/\/secure.gravatar.com\/avatar\/305ca39c602ea27523876328a21763c2.jpg?s=72&d=https%3A%2F%2Fa.slack-edge.com%2Fdf10d%2Fimg%2Favatars%2Fava_0009-72.png","image_192":"https:\/\/secure.gravatar.com\/avatar\/305ca39c602ea27523876328a21763c2.jpg?s=192&d=https%3A%2F%2Fa.slack-edge.com%2Fdf10d%2Fimg%2Favatars%2Fava_0009-192.png","image_512":"https:\/\/secure.gravatar.com\/avatar\/305ca39c602ea27523876328a21763c2.jpg?s=512&d=https%3A%2F%2Fa.slack-edge.com%2Fdf10d%2Fimg%2Favatars%2Fava_0009-512.png","status_text_canonical":"","team":"T03NAQR6PR8"},"is_bot":false,"is_app_user":false,"updated":1681810576,"is_forgotten":true},
{"id":"U04CX4QDTN2","team_id":"T03NAQR6PR8","name":"gezim.veseli","deleted":false,"color":"84b22f","real_name":"Gezim Veseli","tz":"Europe\/Belgrade","tz_label":"Central European Time","tz_offset":3600,"profile":{"title":"","phone":"","skype":"","real_name":"Gezim Veseli","real_name_normalized":"Gezim Veseli","display_name":"Gezim Veseli","display_name_normalized":"Gezim Veseli","fields":{},"status_text":"","status_emoji":"","status_emoji_display_info":[],"status_expiration":0,"avatar_hash":"ba98d8d4230a","image_original":"https:\/\/avatars.slack-edge.com\/2023-03-30\/5033971501634_ba98d8d4230aa09641c0_original.jpg","is_custom_image":true,"email":"gezim.veseli@telos-labs.com","first_name":"Gezim","last_name":"Veseli","image_24":"https:\/\/avatars.slack-edge.com\/2023-03-30\/5033971501634_ba98d8d4230aa09641c0_24.jpg","image_32":"https:\/\/avatars.slack-edge.com\/2023-03-30\/5033971501634_ba98d8d4230aa09641c0_32.jpg","image_48":"https:\/\/avatars.slack-edge.com\/2023-03-30\/5033971501634_ba98d8d4230aa09641c0_48.jpg","image_72":"https:\/\/avatars.slack-edge.com\/2023-03-30\/5033971501634_ba98d8d4230aa09641c0_72.jpg","image_192":"https:\/\/avatars.slack-edge.com\/2023-03-30\/5033971501634_ba98d8d4230aa09641c0_192.jpg","image_512":"https:\/\/avatars.slack-edge.com\/2023-03-30\/5033971501634_ba98d8d4230aa09641c0_512.jpg","image_1024":"https:\/\/avatars.slack-edge.com\/2023-03-30\/5033971501634_ba98d8d4230aa09641c0_1024.jpg","status_text_canonical":"","team":"T03NAQR6PR8"},"is_admin":false,"is_owner":false,"is_primary_owner":false,"is_restricted":false,"is_ultra_restricted":false,"is_bot":false,"is_app_user":false,"updated":1687276182,"is_email_confirmed":true,"who_can_share_contact_card":"EVERYONE"},
{"id":"U04EXGN68FN","team_id":"T03NAQR6PR8","name":"celik.h","deleted":false,"color":"4ec0d6","real_name":"\u00c7elik Hasanaj","tz":"Europe\/Amsterdam","tz_label":"Central European Time","tz_offset":3600,"profile":{"title":"","phone":"","skype":"","real_name":"\u00c7elik Hasanaj","real_name_normalized":"Celik Hasanaj","display_name":"\u00c7elik Hasanaj","display_name_normalized":"Celik Hasanaj","fields":{},"status_text":"","status_emoji":"","status_emoji_display_info":[],"status_expiration":0,"avatar_hash":"g01e2d6de5c9","email":"celik.h@telos-labs.com","huddle_state":"default_unset","huddle_state_expiration_ts":0,"first_name":"\u00c7elik","last_name":"Hasanaj","image_24":"https:\/\/secure.gravatar.com\/avatar\/01e2d6de5c90bc9f0a3333b864a4e83e.jpg?s=24&d=https%3A%2F%2Fa.slack-edge.com%2Fdf10d%2Fimg%2Favatars%2Fava_0015-24.png","image_32":"https:\/\/secure.gravatar.com\/avatar\/01e2d6de5c90bc9f0a3333b864a4e83e.jpg?s=32&d=https%3A%2F%2Fa.slack-edge.com%2Fdf10d%2Fimg%2Favatars%2Fava_0015-32.png","image_48":"https:\/\/secure.gravatar.com\/avatar\/01e2d6de5c90bc9f0a3333b864a4e83e.jpg?s=48&d=https%3A%2F%2Fa.slack-edge.com%2Fdf10d%2Fimg%2Favatars%2Fava_0015-48.png","image_72":"https:\/\/secure.gravatar.com\/avatar\/01e2d6de5c90bc9f0a3333b864a4e83e.jpg?s=72&d=https%3A%2F%2Fa.slack-edge.com%2Fdf10d%2Fimg%2Favatars%2Fava_0015-72.png","image_192":"https:\/\/secure.gravatar.com\/avatar\/01e2d6de5c90bc9f0a3333b864a4e83e.jpg?s=192&d=https%3A%2F%2Fa.slack-edge.com%2Fdf10d%2Fimg%2Favatars%2Fava_0015-192.png","image_512":"https:\/\/secure.gravatar.com\/avatar\/01e2d6de5c90bc9f0a3333b864a4e83e.jpg?s=512&d=https%3A%2F%2Fa.slack-edge.com%2Fdf10d%2Fimg%2Favatars%2Fava_0015-512.png","status_text_canonical":"","team":"T03NAQR6PR8"},"is_admin":false,"is_owner":false,"is_primary_owner":false,"is_restricted":false,"is_ultra_restricted":false,"is_bot":false,"is_app_user":false,"updated":1702377857,"is_email_confirmed":true,"who_can_share_contact_card":"EVERYONE"},
{"id":"U04J6L5MVNE","team_id":"T03NAQR6PR8","name":"23malisa.sadiku","deleted":false,"color":"e23f99","real_name":"Malis\u00eb Sadiku","tz":"Europe\/Brussels","tz_label":"Central European Time","tz_offset":3600,"profile":{"title":"","phone":"","skype":"","real_name":"Malis\u00eb Sadiku","real_name_normalized":"Malise Sadiku","display_name":"","display_name_normalized":"","fields":{},"status_text":"","status_emoji":"","status_emoji_display_info":[],"status_expiration":0,"avatar_hash":"gddeda3cf863","guest_invited_by":"U03P0HMH4LQ","email":"23malisa.sadiku@gmail.com","first_name":"Malis\u00eb","last_name":"Sadiku","image_24":"https:\/\/secure.gravatar.com\/avatar\/ddeda3cf86344bece8565c377245d8b1.jpg?s=24&d=https%3A%2F%2Fa.slack-edge.com%2Fdf10d%2Fimg%2Favatars%2Fava_0020-24.png","image_32":"https:\/\/secure.gravatar.com\/avatar\/ddeda3cf86344bece8565c377245d8b1.jpg?s=32&d=https%3A%2F%2Fa.slack-edge.com%2Fdf10d%2Fimg%2Favatars%2Fava_0020-32.png","image_48":"https:\/\/secure.gravatar.com\/avatar\/ddeda3cf86344bece8565c377245d8b1.jpg?s=48&d=https%3A%2F%2Fa.slack-edge.com%2Fdf10d%2Fimg%2Favatars%2Fava_0020-48.png","image_72":"https:\/\/secure.gravatar.com\/avatar\/ddeda3cf86344bece8565c377245d8b1.jpg?s=72&d=https%3A%2F%2Fa.slack-edge.com%2Fdf10d%2Fimg%2Favatars%2Fava_0020-72.png","image_192":"https:\/\/secure.gravatar.com\/avatar\/ddeda3cf86344bece8565c377245d8b1.jpg?s=192&d=https%3A%2F%2Fa.slack-edge.com%2Fdf10d%2Fimg%2Favatars%2Fava_0020-192.png","image_512":"https:\/\/secure.gravatar.com\/avatar\/ddeda3cf86344bece8565c377245d8b1.jpg?s=512&d=https%3A%2F%2Fa.slack-edge.com%2Fdf10d%2Fimg%2Favatars%2Fava_0020-512.png","status_text_canonical":"","team":"T03NAQR6PR8"},"is_admin":false,"is_owner":false,"is_primary_owner":false,"is_restricted":true,"is_ultra_restricted":true,"is_bot":false,"is_app_user":false,"updated":1701896588,"is_email_confirmed":true,"who_can_share_contact_card":"EVERYONE"},
{"id":"U04MSNNEFFG","team_id":"T03NAQR6PR8","name":"egzon.gashi","deleted":false,"color":"7d414c","real_name":"Egzon Gashi","tz":"Europe\/Athens","tz_label":"Eastern European Time","tz_offset":7200,"profile":{"title":"","phone":"","skype":"","real_name":"Egzon Gashi","real_name_normalized":"Egzon Gashi","display_name":"Egzon Gashi","display_name_normalized":"Egzon Gashi","fields":{},"status_text":"","status_emoji":"","status_emoji_display_info":[],"status_expiration":0,"avatar_hash":"g5e921d1d033","email":"egzon.gashi@Telos-Labs.com","first_name":"Egzon","last_name":"Gashi","image_24":"https:\/\/secure.gravatar.com\/avatar\/5e921d1d033bc8189fe6b0e921aed524.jpg?s=24&d=https%3A%2F%2Fa.slack-edge.com%2Fdf10d%2Fimg%2Favatars%2Fava_0018-24.png","image_32":"https:\/\/secure.gravatar.com\/avatar\/5e921d1d033bc8189fe6b0e921aed524.jpg?s=32&d=https%3A%2F%2Fa.slack-edge.com%2Fdf10d%2Fimg%2Favatars%2Fava_0018-32.png","image_48":"https:\/\/secure.gravatar.com\/avatar\/5e921d1d033bc8189fe6b0e921aed524.jpg?s=48&d=https%3A%2F%2Fa.slack-edge.com%2Fdf10d%2Fimg%2Favatars%2Fava_0018-48.png","image_72":"https:\/\/secure.gravatar.com\/avatar\/5e921d1d033bc8189fe6b0e921aed524.jpg?s=72&d=https%3A%2F%2Fa.slack-edge.com%2Fdf10d%2Fimg%2Favatars%2Fava_0018-72.png","image_192":"https:\/\/secure.gravatar.com\/avatar\/5e921d1d033bc8189fe6b0e921aed524.jpg?s=192&d=https%3A%2F%2Fa.slack-edge.com%2Fdf10d%2Fimg%2Favatars%2Fava_0018-192.png","image_512":"https:\/\/secure.gravatar.com\/avatar\/5e921d1d033bc8189fe6b0e921aed524.jpg?s=512&d=https%3A%2F%2Fa.slack-edge.com%2Fdf10d%2Fimg%2Favatars%2Fava_0018-512.png","status_text_canonical":"","team":"T03NAQR6PR8"},"is_admin":false,"is_owner":false,"is_primary_owner":false,"is_restricted":false,"is_ultra_restricted":false,"is_bot":false,"is_app_user":false,"updated":1680077236,"is_email_confirmed":true,"who_can_share_contact_card":"EVERYONE"},
{"id":"U04MWCLPK6H","team_id":"T03NAQR6PR8","name":"lorent.sh","deleted":false,"color":"619a4f","real_name":"Lorent Shtavica","tz":"Europe\/Belgrade","tz_label":"Central European Time","tz_offset":3600,"profile":{"title":"","phone":"","skype":"","real_name":"Lorent Shtavica","real_name_normalized":"Lorent Shtavica","display_name":"","display_name_normalized":"","fields":{},"status_text":"","status_emoji":"","status_emoji_display_info":[],"status_expiration":0,"avatar_hash":"g39d044942e1","email":"Lorent.sh@Telos-Labs.com","first_name":"Lorent","last_name":"Shtavica","image_24":"https:\/\/secure.gravatar.com\/avatar\/39d044942e18960ebdab24d159ae6cdf.jpg?s=24&d=https%3A%2F%2Fa.slack-edge.com%2Fdf10d%2Fimg%2Favatars%2Fava_0023-24.png","image_32":"https:\/\/secure.gravatar.com\/avatar\/39d044942e18960ebdab24d159ae6cdf.jpg?s=32&d=https%3A%2F%2Fa.slack-edge.com%2Fdf10d%2Fimg%2Favatars%2Fava_0023-32.png","image_48":"https:\/\/secure.gravatar.com\/avatar\/39d044942e18960ebdab24d159ae6cdf.jpg?s=48&d=https%3A%2F%2Fa.slack-edge.com%2Fdf10d%2Fimg%2Favatars%2Fava_0023-48.png","image_72":"https:\/\/secure.gravatar.com\/avatar\/39d044942e18960ebdab24d159ae6cdf.jpg?s=72&d=https%3A%2F%2Fa.slack-edge.com%2Fdf10d%2Fimg%2Favatars%2Fava_0023-72.png","image_192":"https:\/\/secure.gravatar.com\/avatar\/39d044942e18960ebdab24d159ae6cdf.jpg?s=192&d=https%3A%2F%2Fa.slack-edge.com%2Fdf10d%2Fimg%2Favatars%2Fava_0023-192.png","image_512":"https:\/\/secure.gravatar.com\/avatar\/39d044942e18960ebdab24d159ae6cdf.jpg?s=512&d=https%3A%2F%2Fa.slack-edge.com%2Fdf10d%2Fimg%2Favatars%2Fava_0023-512.png","status_text_canonical":"","team":"T03NAQR6PR8"},"is_admin":false,"is_owner":false,"is_primary_owner":false,"is_restricted":false,"is_ultra_restricted":false,"is_bot":false,"is_app_user":false,"updated":1699030416,"is_email_confirmed":true,"who_can_share_contact_card":"EVERYONE"},
{"id":"U04MWCP2VU5","team_id":"T03NAQR6PR8","name":"hysen.berisha","deleted":false,"color":"a72f79","real_name":"Hysen Berisha","tz":"Europe\/Belgrade","tz_label":"Central European Time","tz_offset":3600,"profile":{"title":"","phone":"","skype":"","real_name":"Hysen Berisha","real_name_normalized":"Hysen Berisha","display_name":"Hysen Berisha","display_name_normalized":"Hysen Berisha","fields":{},"status_text":"","status_emoji":"","status_emoji_display_info":[],"status_expiration":0,"avatar_hash":"g092b237ec4f","email":"hysen.berisha@Telos-Labs.com","first_name":"Hysen","last_name":"Berisha","image_24":"https:\/\/secure.gravatar.com\/avatar\/092b237ec4ff2953a7dda73a386e9448.jpg?s=24&d=https%3A%2F%2Fa.slack-edge.com%2Fdf10d%2Fimg%2Favatars%2Fava_0001-24.png","image_32":"https:\/\/secure.gravatar.com\/avatar\/092b237ec4ff2953a7dda73a386e9448.jpg?s=32&d=https%3A%2F%2Fa.slack-edge.com%2Fdf10d%2Fimg%2Favatars%2Fava_0001-32.png","image_48":"https:\/\/secure.gravatar.com\/avatar\/092b237ec4ff2953a7dda73a386e9448.jpg?s=48&d=https%3A%2F%2Fa.slack-edge.com%2Fdf10d%2Fimg%2Favatars%2Fava_0001-48.png","image_72":"https:\/\/secure.gravatar.com\/avatar\/092b237ec4ff2953a7dda73a386e9448.jpg?s=72&d=https%3A%2F%2Fa.slack-edge.com%2Fdf10d%2Fimg%2Favatars%2Fava_0001-72.png","image_192":"https:\/\/secure.gravatar.com\/avatar\/092b237ec4ff2953a7dda73a386e9448.jpg?s=192&d=https%3A%2F%2Fa.slack-edge.com%2Fdf10d%2Fimg%2Favatars%2Fava_0001-192.png","image_512":"https:\/\/secure.gravatar.com\/avatar\/092b237ec4ff2953a7dda73a386e9448.jpg?s=512&d=https%3A%2F%2Fa.slack-edge.com%2Fdf10d%2Fimg%2Favatars%2Fava_0001-512.png","status_text_canonical":"","team":"T03NAQR6PR8"},"is_admin":false,"is_owner":false,"is_primary_owner":false,"is_restricted":false,"is_ultra_restricted":false,"is_bot":false,"is_app_user":false,"updated":1675867267,"is_email_confirmed":true,"who_can_share_contact_card":"EVERYONE"},
{"id":"U04NC03KN7K","team_id":"T03NAQR6PR8","name":"teuta.n","deleted":true,"profile":{"title":"","phone":"","skype":"","real_name":"Teuta N","real_name_normalized":"Teuta N","display_name":"","display_name_normalized":"","fields":{},"status_text":"","status_emoji":"","status_emoji_display_info":[],"status_expiration":0,"avatar_hash":"gc6f14554f28","email":"Teuta.N@Telos-Labs.com","first_name":"Teuta","last_name":"N","image_24":"https:\/\/secure.gravatar.com\/avatar\/c6f14554f28ea05024daf773d4bd2e3e.jpg?s=24&d=https%3A%2F%2Fa.slack-edge.com%2Fdf10d%2Fimg%2Favatars%2Fava_0007-24.png","image_32":"https:\/\/secure.gravatar.com\/avatar\/c6f14554f28ea05024daf773d4bd2e3e.jpg?s=32&d=https%3A%2F%2Fa.slack-edge.com%2Fdf10d%2Fimg%2Favatars%2Fava_0007-32.png","image_48":"https:\/\/secure.gravatar.com\/avatar\/c6f14554f28ea05024daf773d4bd2e3e.jpg?s=48&d=https%3A%2F%2Fa.slack-edge.com%2Fdf10d%2Fimg%2Favatars%2Fava_0007-48.png","image_72":"https:\/\/secure.gravatar.com\/avatar\/c6f14554f28ea05024daf773d4bd2e3e.jpg?s=72&d=https%3A%2F%2Fa.slack-edge.com%2Fdf10d%2Fimg%2Favatars%2Fava_0007-72.png","image_192":"https:\/\/secure.gravatar.com\/avatar\/c6f14554f28ea05024daf773d4bd2e3e.jpg?s=192&d=https%3A%2F%2Fa.slack-edge.com%2Fdf10d%2Fimg%2Favatars%2Fava_0007-192.png","image_512":"https:\/\/secure.gravatar.com\/avatar\/c6f14554f28ea05024daf773d4bd2e3e.jpg?s=512&d=https%3A%2F%2Fa.slack-edge.com%2Fdf10d%2Fimg%2Favatars%2Fava_0007-512.png","status_text_canonical":"","team":"T03NAQR6PR8"},"is_bot":false,"is_app_user":false,"updated":1681811845,"is_invited_user":true},
{"id":"U04NVKW5QR0","team_id":"T03NAQR6PR8","name":"mirsad.krasniqi","deleted":false,"color":"aba727","real_name":"Mirsad","tz":"Europe\/Belgrade","tz_label":"Central European Time","tz_offset":3600,"profile":{"title":"","phone":"","skype":"","real_name":"Mirsad","real_name_normalized":"Mirsad","display_name":"","display_name_normalized":"","fields":{},"status_text":"","status_emoji":"","status_emoji_display_info":[],"status_expiration":0,"avatar_hash":"g43979301275","email":"mirsad.krasniqi@telos-labs.com","first_name":"Mirsad","last_name":"","image_24":"https:\/\/secure.gravatar.com\/avatar\/439793012758641376385fed9956f012.jpg?s=24&d=https%3A%2F%2Fa.slack-edge.com%2Fdf10d%2Fimg%2Favatars%2Fava_0018-24.png","image_32":"https:\/\/secure.gravatar.com\/avatar\/439793012758641376385fed9956f012.jpg?s=32&d=https%3A%2F%2Fa.slack-edge.com%2Fdf10d%2Fimg%2Favatars%2Fava_0018-32.png","image_48":"https:\/\/secure.gravatar.com\/avatar\/439793012758641376385fed9956f012.jpg?s=48&d=https%3A%2F%2Fa.slack-edge.com%2Fdf10d%2Fimg%2Favatars%2Fava_0018-48.png","image_72":"https:\/\/secure.gravatar.com\/avatar\/439793012758641376385fed9956f012.jpg?s=72&d=https%3A%2F%2Fa.slack-edge.com%2Fdf10d%2Fimg%2Favatars%2Fava_0018-72.png","image_192":"https:\/\/secure.gravatar.com\/avatar\/439793012758641376385fed9956f012.jpg?s=192&d=https%3A%2F%2Fa.slack-edge.com%2Fdf10d%2Fimg%2Favatars%2Fava_0018-192.png","image_512":"https:\/\/secure.gravatar.com\/avatar\/439793012758641376385fed9956f012.jpg?s=512&d=https%3A%2F%2Fa.slack-edge.com%2Fdf10d%2Fimg%2Favatars%2Fava_0018-512.png","status_text_canonical":"","team":"T03NAQR6PR8"},"is_admin":false,"is_owner":false,"is_primary_owner":false,"is_restricted":false,"is_ultra_restricted":false,"is_bot":false,"is_app_user":false,"updated":1697141435,"is_email_confirmed":true,"who_can_share_contact_card":"EVERYONE"},
{"id":"U04T3130N31","team_id":"T03NAQR6PR8","name":"yllka.shala","deleted":true,"profile":{"title":"","phone":"","skype":"","real_name":"Yllka","real_name_normalized":"Yllka","display_name":"Yllka","display_name_normalized":"Yllka","fields":{},"status_text":"","status_emoji":"","status_emoji_display_info":[],"status_expiration":0,"avatar_hash":"g07c5fb31126","guest_invited_by":"","email":"yllka.shala@telos-labs.com","first_name":"Yllka","last_name":"","image_24":"https:\/\/secure.gravatar.com\/avatar\/07c5fb31126a1a91126ea309a13e7375.jpg?s=24&d=https%3A%2F%2Fa.slack-edge.com%2Fdf10d%2Fimg%2Favatars%2Fava_0017-24.png","image_32":"https:\/\/secure.gravatar.com\/avatar\/07c5fb31126a1a91126ea309a13e7375.jpg?s=32&d=https%3A%2F%2Fa.slack-edge.com%2Fdf10d%2Fimg%2Favatars%2Fava_0017-32.png","image_48":"https:\/\/secure.gravatar.com\/avatar\/07c5fb31126a1a91126ea309a13e7375.jpg?s=48&d=https%3A%2F%2Fa.slack-edge.com%2Fdf10d%2Fimg%2Favatars%2Fava_0017-48.png","image_72":"https:\/\/secure.gravatar.com\/avatar\/07c5fb31126a1a91126ea309a13e7375.jpg?s=72&d=https%3A%2F%2Fa.slack-edge.com%2Fdf10d%2Fimg%2Favatars%2Fava_0017-72.png","image_192":"https:\/\/secure.gravatar.com\/avatar\/07c5fb31126a1a91126ea309a13e7375.jpg?s=192&d=https%3A%2F%2Fa.slack-edge.com%2Fdf10d%2Fimg%2Favatars%2Fava_0017-192.png","image_512":"https:\/\/secure.gravatar.com\/avatar\/07c5fb31126a1a91126ea309a13e7375.jpg?s=512&d=https%3A%2F%2Fa.slack-edge.com%2Fdf10d%2Fimg%2Favatars%2Fava_0017-512.png","status_text_canonical":"","team":"T03NAQR6PR8"},"is_bot":false,"is_app_user":false,"updated":1681812504},
{"id":"U04TMHGNE9F","team_id":"T03NAQR6PR8","name":"edon.isufi","deleted":false,"color":"965d1b","real_name":"Edon","tz":"Europe\/Amsterdam","tz_label":"Central European Time","tz_offset":3600,"profile":{"title":"","phone":"","skype":"","real_name":"Edon","real_name_normalized":"Edon","display_name":"","display_name_normalized":"","fields":{},"status_text":"","status_emoji":"","status_emoji_display_info":[],"status_expiration":0,"avatar_hash":"gf9af229844d","email":"edon.isufi@telos-labs.com","first_name":"Edon","last_name":"","image_24":"https:\/\/secure.gravatar.com\/avatar\/f9af229844d6b97a7e5a80991103f7de.jpg?s=24&d=https%3A%2F%2Fa.slack-edge.com%2Fdf10d%2Fimg%2Favatars%2Fava_0003-24.png","image_32":"https:\/\/secure.gravatar.com\/avatar\/f9af229844d6b97a7e5a80991103f7de.jpg?s=32&d=https%3A%2F%2Fa.slack-edge.com%2Fdf10d%2Fimg%2Favatars%2Fava_0003-32.png","image_48":"https:\/\/secure.gravatar.com\/avatar\/f9af229844d6b97a7e5a80991103f7de.jpg?s=48&d=https%3A%2F%2Fa.slack-edge.com%2Fdf10d%2Fimg%2Favatars%2Fava_0003-48.png","image_72":"https:\/\/secure.gravatar.com\/avatar\/f9af229844d6b97a7e5a80991103f7de.jpg?s=72&d=https%3A%2F%2Fa.slack-edge.com%2Fdf10d%2Fimg%2Favatars%2Fava_0003-72.png","image_192":"https:\/\/secure.gravatar.com\/avatar\/f9af229844d6b97a7e5a80991103f7de.jpg?s=192&d=https%3A%2F%2Fa.slack-edge.com%2Fdf10d%2Fimg%2Favatars%2Fava_0003-192.png","image_512":"https:\/\/secure.gravatar.com\/avatar\/f9af229844d6b97a7e5a80991103f7de.jpg?s=512&d=https%3A%2F%2Fa.slack-edge.com%2Fdf10d%2Fimg%2Favatars%2Fava_0003-512.png","status_text_canonical":"","team":"T03NAQR6PR8"},"is_admin":false,"is_owner":false,"is_primary_owner":false,"is_restricted":false,"is_ultra_restricted":false,"is_bot":false,"is_app_user":false,"updated":1678398970,"is_email_confirmed":true,"who_can_share_contact_card":"EVERYONE"},
{"id":"U052QSE4CKY","team_id":"T03NAQR6PR8","name":"bleron","deleted":false,"color":"dd8527","real_name":"Bleron Qorri","tz":"Europe\/Warsaw","tz_label":"Central European Time","tz_offset":3600,"profile":{"title":"","phone":"","skype":"","real_name":"Bleron Qorri","real_name_normalized":"Bleron Qorri","display_name":"Bleron Qorri","display_name_normalized":"Bleron Qorri","fields":{},"status_text":"","status_emoji":"","status_emoji_display_info":[],"status_expiration":0,"avatar_hash":"g2235f266ec7","email":"bleron@telos-labs.com","huddle_state":"default_unset","huddle_state_expiration_ts":0,"first_name":"Bleron","last_name":"Qorri","image_24":"https:\/\/secure.gravatar.com\/avatar\/2235f266ec762b4f553458edb9919413.jpg?s=24&d=https%3A%2F%2Fa.slack-edge.com%2Fdf10d%2Fimg%2Favatars%2Fava_0016-24.png","image_32":"https:\/\/secure.gravatar.com\/avatar\/2235f266ec762b4f553458edb9919413.jpg?s=32&d=https%3A%2F%2Fa.slack-edge.com%2Fdf10d%2Fimg%2Favatars%2Fava_0016-32.png","image_48":"https:\/\/secure.gravatar.com\/avatar\/2235f266ec762b4f553458edb9919413.jpg?s=48&d=https%3A%2F%2Fa.slack-edge.com%2Fdf10d%2Fimg%2Favatars%2Fava_0016-48.png","image_72":"https:\/\/secure.gravatar.com\/avatar\/2235f266ec762b4f553458edb9919413.jpg?s=72&d=https%3A%2F%2Fa.slack-edge.com%2Fdf10d%2Fimg%2Favatars%2Fava_0016-72.png","image_192":"https:\/\/secure.gravatar.com\/avatar\/2235f266ec762b4f553458edb9919413.jpg?s=192&d=https%3A%2F%2Fa.slack-edge.com%2Fdf10d%2Fimg%2Favatars%2Fava_0016-192.png","image_512":"https:\/\/secure.gravatar.com\/avatar\/2235f266ec762b4f553458edb9919413.jpg?s=512&d=https%3A%2F%2Fa.slack-edge.com%2Fdf10d%2Fimg%2Favatars%2Fava_0016-512.png","status_text_canonical":"","team":"T03NAQR6PR8"},"is_admin":false,"is_owner":false,"is_primary_owner":false,"is_restricted":false,"is_ultra_restricted":false,"is_bot":false,"is_app_user":false,"updated":1702394488,"is_email_confirmed":true,"who_can_share_contact_card":"EVERYONE"},
{"id":"U05Q8DDCKF0","team_id":"T03NAQR6PR8","name":"russh","deleted":false,"color":"bd9336","real_name":"russh","tz":"Europe\/Warsaw","tz_label":"Central European Time","tz_offset":3600,"profile":{"title":"","phone":"","skype":"","real_name":"russh","real_name_normalized":"russh","display_name":"","display_name_normalized":"","fields":{},"status_text":"","status_emoji":"","status_emoji_display_info":[],"status_expiration":0,"avatar_hash":"g20d1ae0b5fc","email":"russh@predictivesafety.com","first_name":"russh","last_name":"","image_24":"https:\/\/secure.gravatar.com\/avatar\/20d1ae0b5fc52b346127558ba2b6d7a3.jpg?s=24&d=https%3A%2F%2Fa.slack-edge.com%2Fdf10d%2Fimg%2Favatars%2Fava_0019-24.png","image_32":"https:\/\/secure.gravatar.com\/avatar\/20d1ae0b5fc52b346127558ba2b6d7a3.jpg?s=32&d=https%3A%2F%2Fa.slack-edge.com%2Fdf10d%2Fimg%2Favatars%2Fava_0019-32.png","image_48":"https:\/\/secure.gravatar.com\/avatar\/20d1ae0b5fc52b346127558ba2b6d7a3.jpg?s=48&d=https%3A%2F%2Fa.slack-edge.com%2Fdf10d%2Fimg%2Favatars%2Fava_0019-48.png","image_72":"https:\/\/secure.gravatar.com\/avatar\/20d1ae0b5fc52b346127558ba2b6d7a3.jpg?s=72&d=https%3A%2F%2Fa.slack-edge.com%2Fdf10d%2Fimg%2Favatars%2Fava_0019-72.png","image_192":"https:\/\/secure.gravatar.com\/avatar\/20d1ae0b5fc52b346127558ba2b6d7a3.jpg?s=192&d=https%3A%2F%2Fa.slack-edge.com%2Fdf10d%2Fimg%2Favatars%2Fava_0019-192.png","image_512":"https:\/\/secure.gravatar.com\/avatar\/20d1ae0b5fc52b346127558ba2b6d7a3.jpg?s=512&d=https%3A%2F%2Fa.slack-edge.com%2Fdf10d%2Fimg%2Favatars%2Fava_0019-512.png","status_text_canonical":"","team":"T03NAQR6PR8"},"is_admin":false,"is_owner":false,"is_primary_owner":false,"is_restricted":false,"is_ultra_restricted":false,"is_bot":false,"is_app_user":false,"updated":1693487958,"is_email_confirmed":false,"who_can_share_contact_card":"EVERYONE","is_invited_user":true}
]